,Mg Concentration,Mg Error1s,Al Concentration,Al Error1s,Si Concentration,Si Error1s,P Concentration,P Error1s,S Concentration,S Error1s,Cl Concentration,Cl Error1s,K Concentration,K Error1s,Ca Concentration,Ca Error1s,Ti Concentration,Ti Error1s,V Concentration,V Error1s,Cr Concentration,Cr Error1s,Mn Concentration,Mn Error1s,Fe Concentration,Fe Error1s,Co Concentration,Co Error1s,Ni Concentration,Ni Error1s,Cu Concentration,Cu Error1s,Zn Concentration,Zn Error1s,As Concentration,As Error1s,Se Concentration,Se Error1s,Rb Concentration,Rb Error1s,Sr Concentration,Sr Error1s,Y Concentration,Y Error1s,Zr Concentration,Zr Error1s,Nb Concentration,Nb Error1s,Mo Concentration,Mo Error1s,Ag Concentration,Ag Error1s,Cd Concentration,Cd Error1s,Sn Concentration,Sn Error1s,Sb Concentration,Sb Error1s,Ba Concentration,Ba Error1s,La Concentration,La Error1s,Ce Concentration,Ce Error1s,Pr Concentration,Pr Error1s,Nd Concentration,Nd Error1s,W Concentration,W Error1s,Au Concentration,Au Error1s,Hg Concentration,Hg Error1s,Pb Concentration,Pb Error1s,Bi Concentration,Bi Error1s,Th Concentration,Th Error1s,U Concentration,U Error1s,LE Concentration,LE Error1s
1_m01,<LOD,22948.0,<LOD,4132.0,<LOD,2945.0,<LOD,2470.0,<LOD,2704.0,<LOD,1178.0,<LOD,2491.0,<LOD,520.0,<LOD,281.0,<LOD,85.0,1083,177.0,<LOD,51.0,1782,143.0,<LOD,12.0,<LOD,29.0,51507,256.0,<LOD,94.0,<LOD,13.0,<LOD,32.0,<LOD,17.0,<LOD,4.0,1890,50.0,93,26.0,3730,46.0,10460,95.0,27152,206.0,903,136.0,2230,220.0,<LOD,10.0,<LOD,3758.0,<LOD,6267.0,<LOD,7628.0,<LOD,12079.0,<LOD,16163.0,<LOD,777.0,894896,471.0,<LOD,225.0,2170,133.0,<LOD,19.0,2106,78.0,<LOD,38.0,<LOD,1197.0
1_m02,<LOD,24005.0,<LOD,4068.0,<LOD,3015.0,<LOD,2430.0,<LOD,2678.0,<LOD,1231.0,<LOD,2495.0,<LOD,560.0,<LOD,276.0,<LOD,84.0,848,171.0,<LOD,50.0,1932,142.0,<LOD,12.0,<LOD,29.0,51760,256.0,<LOD,94.0,<LOD,13.0,<LOD,32.0,<LOD,16.0,<LOD,4.0,1849,49.0,165,25.0,3738,46.0,10429,94.0,28360,210.0,791,136.0,2023,218.0,<LOD,10.0,<LOD,3857.0,<LOD,6695.0,940,257.0,<LOD,12009.0,1789,527.0,<LOD,777.0,890712,702.0,<LOD,225.0,2486,133.0,<LOD,19.0,2178,77.0,<LOD,38.0,<LOD,1201.0
1_m03,<LOD,23420.0,<LOD,4199.0,<LOD,3162.0,<LOD,2342.0,<LOD,2585.0,<LOD,1255.0,<LOD,2493.0,<LOD,612.0,2807,922.0,<LOD,83.0,1135,180.0,<LOD,52.0,3140,158.0,<LOD,12.0,<LOD,29.0,41383,245.0,<LOD,93.0,<LOD,13.0,<LOD,32.0,<LOD,16.0,<LOD,4.0,1843,50.0,164,26.0,3740,47.0,10322,95.0,35318,236.0,1065,138.0,2048,236.0,<LOD,9.0,<LOD,3784.0,<LOD,6528.0,<LOD,8071.0,<LOD,12820.0,<LOD,16648.0,<LOD,771.0,892760,961.0,<LOD,223.0,2200,133.0,<LOD,19.0,2076,78.0,<LOD,37.0,<LOD,1198.0
1_m04,<LOD,22142.0,<LOD,4732.0,<LOD,3606.0,<LOD,2163.0,<LOD,2403.0,<LOD,1231.0,<LOD,2580.0,<LOD,664.0,3819,891.0,<LOD,85.0,927,171.0,<LOD,51.0,8542,200.0,<LOD,14.0,<LOD,29.0,53007,269.0,<LOD,95.0,<LOD,13.0,<LOD,32.0,<LOD,17.0,<LOD,4.0,1808,49.0,203,26.0,3665,46.0,10159,94.0,27793,210.0,934,133.0,1944,217.0,<LOD,10.0,<LOD,4146.0,<LOD,7004.0,<LOD,8807.0,<LOD,13577.0,1638,533.0,<LOD,780.0,881431,1040.0,<LOD,226.0,2184,131.0,<LOD,20.0,1946,75.0,<LOD,38.0,<LOD,1244.0
1_m05,<LOD,24240.0,<LOD,4208.0,<LOD,3071.0,<LOD,2463.0,<LOD,2703.0,<LOD,1218.0,<LOD,2570.0,<LOD,558.0,2959,907.0,<LOD,86.0,1106,178.0,<LOD,52.0,1390,139.0,175,40.0,<LOD,29.0,58892,284.0,<LOD,96.0,<LOD,14.0,<LOD,33.0,<LOD,17.0,<LOD,4.0,1862,50.0,151,26.0,3739,47.0,10292,97.0,23185,192.0,515,137.0,1112,212.0,<LOD,10.0,<LOD,4232.0,<LOD,7357.0,<LOD,9140.0,<LOD,14170.0,<LOD,18733.0,<LOD,790.0,890251,943.0,<LOD,229.0,2225,135.0,<LOD,20.0,1970,78.0,<LOD,38.0,<LOD,1224.0
1_m06,<LOD,25439.0,<LOD,4920.0,<LOD,3413.0,<LOD,2708.0,<LOD,2986.0,<LOD,1471.0,<LOD,3107.0,<LOD,626.0,<LOD,288.0,<LOD,88.0,1209,194.0,<LOD,54.0,1529,148.0,146,42.0,<LOD,30.0,40931,251.0,<LOD,99.0,<LOD,14.0,<LOD,34.0,<LOD,17.0,<LOD,4.0,1871,54.0,110,28.0,3792,50.0,10545,102.0,28685,211.0,697,147.0,1698,248.0,<LOD,10.0,<LOD,4227.0,<LOD,7060.0,<LOD,8811.0,<LOD,13762.0,<LOD,18268.0,<LOD,818.0,904163,505.0,<LOD,237.0,2233,143.0,<LOD,21.0,2244,86.0,<LOD,40.0,<LOD,1295.0
1_m07,<LOD,25028.0,<LOD,4780.0,<LOD,3467.0,<LOD,2697.0,<LOD,2966.0,<LOD,1429.0,<LOD,3008.0,<LOD,624.0,<LOD,290.0,<LOD,89.0,788,185.0,<LOD,53.0,1628,148.0,<LOD,12.0,<LOD,30.0,37601,243.0,<LOD,98.0,<LOD,14.0,<LOD,33.0,<LOD,17.0,<LOD,4.0,1937,54.0,149,29.0,3872,50.0,10726,102.0,25080,198.0,1004,144.0,1527,236.0,<LOD,10.0,<LOD,4402.0,<LOD,7477.0,<LOD,9425.0,<LOD,14497.0,1654,527.0,<LOD,813.0,909354,682.0,<LOD,235.0,2344,143.0,<LOD,20.0,2336,86.0,<LOD,39.0,<LOD,1298.0
1_m08,<LOD,26073.0,<LOD,5118.0,<LOD,3718.0,<LOD,2656.0,<LOD,2982.0,<LOD,1585.0,<LOD,3161.0,<LOD,727.0,<LOD,290.0,<LOD,89.0,790,192.0,<LOD,53.0,2457,160.0,151,43.0,<LOD,30.0,19782,196.0,<LOD,98.0,<LOD,14.0,<LOD,34.0,<LOD,17.0,<LOD,4.0,1963,54.0,168,28.0,3906,50.0,10925,101.0,39386,247.0,1029,150.0,2164,275.0,<LOD,10.0,<LOD,3557.0,<LOD,6028.0,829,260.0,<LOD,12128.0,<LOD,16101.0,<LOD,812.0,911457,568.0,<LOD,235.0,2416,143.0,<LOD,20.0,2428,86.0,<LOD,39.0,<LOD,1319.0
1_m09,<LOD,26110.0,<LOD,4912.0,<LOD,3417.0,<LOD,2721.0,<LOD,3013.0,<LOD,1492.0,<LOD,3082.0,<LOD,650.0,<LOD,299.0,<LOD,91.0,951,193.0,<LOD,53.0,2072,157.0,<LOD,13.0,<LOD,30.0,24457,215.0,<LOD,99.0,<LOD,14.0,<LOD,34.0,<LOD,17.0,<LOD,4.0,1936,55.0,139,28.0,3892,52.0,10765,105.0,26548,204.0,903,151.0,1632,251.0,<LOD,10.0,<LOD,3939.0,<LOD,6633.0,<LOD,8479.0,<LOD,12958.0,<LOD,18041.0,<LOD,819.0,922179,496.0,<LOD,237.0,2460,148.0,<LOD,20.0,2064,86.0,<LOD,40.0,<LOD,1299.0
1_m10,<LOD,24943.0,<LOD,4968.0,<LOD,3431.0,<LOD,2735.0,<LOD,3021.0,<LOD,1452.0,<LOD,3124.0,<LOD,625.0,<LOD,284.0,<LOD,85.0,1234,199.0,<LOD,52.0,1864,151.0,<LOD,12.0,<LOD,30.0,15727,186.0,<LOD,98.0,<LOD,14.0,<LOD,33.0,<LOD,17.0,<LOD,4.0,1996,56.0,126,29.0,3962,52.0,10993,105.0,27833,208.0,1095,150.0,2441,256.0,<LOD,10.0,<LOD,3874.0,<LOD,6604.0,1037,249.0,<LOD,11670.0,<LOD,16973.0,<LOD,814.0,927064,544.0,<LOD,236.0,2352,147.0,<LOD,20.0,2276,89.0,<LOD,39.0,<LOD,1294.0
1_m11,<LOD,23233.0,<LOD,4078.0,<LOD,2968.0,<LOD,2404.0,<LOD,2646.0,<LOD,1210.0,<LOD,2484.0,<LOD,519.0,<LOD,280.0,<LOD,83.0,823,176.0,<LOD,49.0,3540,161.0,<LOD,12.0,<LOD,28.0,21260,190.0,<LOD,92.0,<LOD,13.0,<LOD,31.0,<LOD,16.0,<LOD,4.0,1944,51.0,131,26.0,3866,47.0,10725,96.0,36965,238.0,1105,141.0,2046,241.0,<LOD,9.0,<LOD,3608.0,814,218.0,<LOD,7627.0,<LOD,12023.0,<LOD,15848.0,<LOD,762.0,912324,518.0,<LOD,221.0,2300,135.0,<LOD,19.0,2155,79.0,<LOD,37.0,<LOD,1190.0
1_m12,<LOD,26266.0,<LOD,5075.0,<LOD,3425.0,<LOD,2770.0,<LOD,3066.0,<LOD,1457.0,<LOD,3214.0,<LOD,646.0,<LOD,296.0,<LOD,87.0,916,187.0,<LOD,56.0,1407,150.0,<LOD,13.0,<LOD,31.0,50672,274.0,<LOD,100.0,<LOD,14.0,<LOD,34.0,<LOD,18.0,<LOD,4.0,1858,54.0,136,28.0,3756,50.0,10419,102.0,25470,199.0,786,146.0,1860,244.0,<LOD,10.0,409,121.0,<LOD,7355.0,765,246.0,<LOD,13829.0,<LOD,18375.0,<LOD,828.0,897369,558.0,<LOD,240.0,2135,143.0,<LOD,21.0,2042,85.0,<LOD,40.0,<LOD,1347.0
1_m13,<LOD,25281.0,<LOD,4941.0,<LOD,3418.0,<LOD,2741.0,<LOD,3016.0,<LOD,1421.0,<LOD,3076.0,<LOD,622.0,<LOD,291.0,<LOD,90.0,943,183.0,<LOD,55.0,1200,145.0,146,42.0,<LOD,30.0,61127,286.0,<LOD,100.0,<LOD,14.0,<LOD,34.0,<LOD,18.0,<LOD,4.0,1860,53.0,101,28.0,3663,49.0,10222,101.0,20624,179.0,<LOD,8.0,2030,228.0,<LOD,11.0,<LOD,4418.0,<LOD,7869.0,<LOD,9732.0,<LOD,14885.0,<LOD,19851.0,<LOD,823.0,893884,478.0,<LOD,238.0,1989,140.0,<LOD,21.0,2066,86.0,<LOD,40.0,<LOD,1345.0
1_m14,<LOD,25480.0,<LOD,5152.0,<LOD,3708.0,<LOD,2663.0,<LOD,2969.0,<LOD,1459.0,<LOD,3091.0,<LOD,658.0,<LOD,291.0,<LOD,88.0,896,189.0,<LOD,54.0,2184,157.0,151,43.0,<LOD,30.0,25619,215.0,<LOD,98.0,<LOD,14.0,<LOD,33.0,<LOD,17.0,<LOD,4.0,1943,55.0,116,28.0,3893,51.0,10734,103.0,27683,208.0,1238,148.0,1840,248.0,<LOD,10.0,<LOD,4092.0,<LOD,6950.0,769,237.0,1535,367.0,2003,499.0,<LOD,812.0,914512,784.0,<LOD,235.0,2556,146.0,<LOD,20.0,2178,86.0,<LOD,39.0,<LOD,1302.0
2_m01,13560,4162.0,7805,384.0,20607,254.0,398,19.0,6338,76.0,5773,76.0,,,2383,41.0,<LOD,1658.0,<LOD,68.0,402,40.0,135,34.0,387,30.0,<LOD,17.0,31,9.0,12124,131.0,<LOD,14.0,20,5.0,38,4.0,23,2.0,<LOD,2.0,<LOD,2.0,<LOD,2.0,<LOD,2.0,8,2.0,622948,3102.0,2407,33.0,<LOD,45.0,<LOD,7.0,410,63.0,<LOD,428.0,<LOD,535.0,<LOD,853.0,<LOD,1126.0,1561,33.0,,,<LOD,17.0,237,7.0,<LOD,12.0,75,4.0,46,3.0,302284,2210.0
2_m02,<LOD,127336.0,8051,372.0,20550,184.0,362,18.0,6300,53.0,5924,59.0,,,2329,35.0,<LOD,1793.0,<LOD,72.0,405,40.0,<LOD,2982.0,438,31.0,<LOD,18.0,36,9.0,12497,83.0,<LOD,14.0,39,5.0,44,4.0,23,2.0,<LOD,2.0,<LOD,2.0,<LOD,2.0,<LOD,2.0,<LOD,2.0,626461,958.0,2503,26.0,<LOD,45.0,<LOD,7.0,366,61.0,<LOD,430.0,<LOD,524.0,682,205.0,830,260.0,1580,31.0,,,<LOD,18.0,228,6.0,<LOD,12.0,76,4.0,50,3.0,310227,977.0
2_m03,17197,4140.0,6260,379.0,10413,159.0,246,17.0,912,29.0,6455,80.0,,,1442,34.0,<LOD,2345.0,<LOD,69.0,445,41.0,123,36.0,181,28.0,<LOD,17.0,37,8.0,9036,102.0,<LOD,12.0,25,5.0,29,3.0,11,2.0,<LOD,2.0,<LOD,2.0,<LOD,2.0,<LOD,2.0,<LOD,2.0,640829,3195.0,2564,35.0,<LOD,45.0,<LOD,7.0,307,61.0,<LOD,426.0,<LOD,527.0,<LOD,828.0,862,275.0,1008,26.0,,,<LOD,15.0,225,6.0,<LOD,12.0,88,4.0,40,3.0,301265,2223.0
2_m04,15516,4194.0,6579,383.0,10831,165.0,266,17.0,656,27.0,8853,102.0,,,1760,36.0,<LOD,2186.0,<LOD,71.0,396,41.0,<LOD,3618.0,296,29.0,<LOD,17.0,34,8.0,13371,145.0,<LOD,13.0,<LOD,7.0,15,3.0,12,2.0,<LOD,2.0,<LOD,2.0,<LOD,2.0,<LOD,2.0,7,2.0,629402,3174.0,2520,34.0,<LOD,45.0,<LOD,7.0,346,58.0,<LOD,435.0,<LOD,524.0,<LOD,825.0,<LOD,1100.0,742,23.0,,,<LOD,13.0,355,8.0,<LOD,13.0,90,4.0,28,3.0,307927,2255.0
2_m05,<LOD,165963.0,6739,420.0,13027,157.0,298,19.0,1352,31.0,10632,79.0,,,2127,39.0,<LOD,2374.0,<LOD,72.0,482,48.0,<LOD,3838.0,384,34.0,<LOD,17.0,63,10.0,12238,87.0,<LOD,12.0,<LOD,7.0,<LOD,3.0,8,2.0,<LOD,2.0,<LOD,2.0,<LOD,2.0,<LOD,2.0,13,2.0,583000,992.0,2919,31.0,<LOD,46.0,<LOD,7.0,452,57.0,<LOD,424.0,<LOD,528.0,<LOD,868.0,<LOD,1200.0,356,20.0,,,<LOD,12.0,345,8.0,<LOD,12.0,102,5.0,27,3.0,365435,1033.0
2_m06,<LOD,156105.0,7189,369.0,16395,162.0,225,16.0,708,25.0,6530,56.0,,,1549,32.0,<LOD,2255.0,<LOD,69.0,455,41.0,<LOD,3599.0,228,28.0,<LOD,17.0,67,8.0,9777,70.0,174,11.0,26,5.0,14,3.0,<LOD,2.0,<LOD,2.0,<LOD,2.0,<LOD,2.0,<LOD,2.0,10,2.0,629204,941.0,2501,27.0,<LOD,46.0,<LOD,7.0,485,62.0,<LOD,416.0,<LOD,522.0,<LOD,823.0,910,276.0,352,18.0,,,<LOD,12.0,173,5.0,<LOD,12.0,85,4.0,23,3.0,322919,951.0
2_m07,<LOD,151957.0,10132,392.0,15294,160.0,212,17.0,1222,26.0,7338,60.0,,,1603,34.0,<LOD,2201.0,<LOD,70.0,448,42.0,<LOD,3615.0,460,32.0,<LOD,18.0,57,9.0,13612,90.0,97,12.0,40,6.0,<LOD,3.0,6,2.0,<LOD,2.0,<LOD,2.0,<LOD,2.0,<LOD,2.0,10,2.0,625960,958.0,2573,27.0,<LOD,46.0,<LOD,7.0,358,62.0,<LOD,441.0,<LOD,536.0,<LOD,846.0,<LOD,1172.0,354,18.0,,,<LOD,12.0,273,7.0,<LOD,12.0,79,4.0,24,3.0,319847,987.0
2_m08,<LOD,158415.0,6462,371.0,12134,142.0,285,17.0,1376,27.0,7650,61.0,,,1804,34.0,<LOD,2318.0,<LOD,70.0,379,40.0,<LOD,3724.0,276,30.0,<LOD,18.0,76,9.0,13540,91.0,<LOD,13.0,26,5.0,11,3.0,7,2.0,<LOD,2.0,<LOD,2.0,<LOD,2.0,<LOD,2.0,8,2.0,627476,949.0,2629,28.0,<LOD,46.0,<LOD,7.0,398,60.0,<LOD,414.0,<LOD,533.0,<LOD,830.0,<LOD,1108.0,326,18.0,,,<LOD,13.0,209,6.0,<LOD,12.0,83,4.0,22,3.0,324822,973.0
2_m09,<LOD,162858.0,6692,352.0,12002,137.0,314,17.0,1895,29.0,6337,55.0,,,1790,32.0,<LOD,2405.0,<LOD,73.0,379,39.0,<LOD,3978.0,444,30.0,<LOD,18.0,53,8.0,15065,96.0,<LOD,14.0,40,5.0,<LOD,3.0,<LOD,2.0,<LOD,2.0,<LOD,2.0,<LOD,2.0,<LOD,2.0,10,2.0,629743,917.0,2458,26.0,<LOD,45.0,<LOD,7.0,353,59.0,<LOD,423.0,<LOD,519.0,<LOD,840.0,<LOD,1144.0,386,18.0,,,<LOD,13.0,197,6.0,<LOD,12.0,91,4.0,21,3.0,321730,940.0
2_m10,20604,4725.0,6766,440.0,13713,203.0,245,19.0,1075,32.0,7878,97.0,,,1778,41.0,<LOD,2314.0,<LOD,72.0,504,49.0,<LOD,3643.0,255,33.0,<LOD,17.0,83,10.0,10713,124.0,<LOD,12.0,<LOD,6.0,<LOD,3.0,6,2.0,<LOD,2.0,<LOD,2.0,<LOD,2.0,<LOD,2.0,10,2.0,583251,3331.0,2968,41.0,<LOD,46.0,<LOD,7.0,394,58.0,<LOD,443.0,382,122.0,<LOD,812.0,<LOD,1113.0,454,21.0,,,<LOD,12.0,235,7.0,<LOD,12.0,100,5.0,25,3.0,348561,2581.0
2_m11,<LOD,108790.0,5756,338.0,12009,137.0,514,19.0,11462,75.0,4193,51.0,,,6346,52.0,<LOD,1705.0,<LOD,71.0,457,41.0,<LOD,2712.0,214,28.0,<LOD,17.0,80,9.0,11976,81.0,47,12.0,59,4.0,<LOD,3.0,10,2.0,<LOD,2.0,<LOD,2.0,<LOD,2.0,8,2.0,23,2.0,622468,919.0,2420,25.0,<LOD,45.0,<LOD,7.0,469,61.0,<LOD,431.0,<LOD,515.0,<LOD,796.0,<LOD,1107.0,90,27.0,,,3470,34.0,106,5.0,<LOD,11.0,86,4.0,<LOD,8.0,317737,957.0
2_m12,<LOD,158790.0,6534,363.0,16165,161.0,227,17.0,916,26.0,6422,56.0,,,1666,33.0,<LOD,2361.0,<LOD,68.0,393,40.0,<LOD,3711.0,212,28.0,<LOD,17.0,60,9.0,13046,87.0,<LOD,13.0,21,5.0,9,3.0,<LOD,2.0,<LOD,2.0,<LOD,2.0,<LOD,2.0,<LOD,2.0,11,2.0,625567,930.0,2526,27.0,<LOD,46.0,<LOD,7.0,459,60.0,<LOD,422.0,<LOD,544.0,<LOD,845.0,<LOD,1162.0,359,18.0,,,<LOD,13.0,282,7.0,<LOD,12.0,78,4.0,24,3.0,325022,955.0
2_m13,<LOD,184220.0,6475,363.0,10658,132.0,273,17.0,1244,29.0,6073,56.0,,,1525,32.0,<LOD,2699.0,<LOD,70.0,404,40.0,<LOD,4489.0,217,28.0,<LOD,18.0,45,9.0,15185,99.0,<LOD,14.0,31,5.0,30,3.0,11,2.0,<LOD,2.0,<LOD,2.0,<LOD,2.0,<LOD,2.0,8,2.0,626078,953.0,2562,27.0,<LOD,45.0,<LOD,7.0,350,64.0,<LOD,454.0,<LOD,543.0,<LOD,832.0,1096,277.0,873,24.0,,,<LOD,14.0,212,6.0,<LOD,12.0,87,4.0,37,3.0,326526,966.0
2_m14,<LOD,173901.0,6424,346.0,9812,125.0,425,17.0,1074,27.0,6144,55.0,,,1650,31.0,<LOD,2553.0,<LOD,72.0,427,40.0,<LOD,4166.0,343,29.0,<LOD,17.0,37,8.0,10209,72.0,<LOD,13.0,72,6.0,18,3.0,11,2.0,<LOD,2.0,<LOD,2.0,<LOD,2.0,<LOD,2.0,7,2.0,637549,911.0,2497,26.0,<LOD,45.0,<LOD,7.0,340,60.0,<LOD,427.0,<LOD,509.0,<LOD,808.0,<LOD,1069.0,772,23.0,,,<LOD,16.0,344,7.0,<LOD,12.0,75,4.0,34,3.0,321735,927.0
3_m01,<LOD,173901.0,6424,346.0,9812,125.0,425,17.0,1074,27.0,6144,55.0,,,1650,31.0,<LOD,2553.0,<LOD,72.0,427,40.0,<LOD,4166.0,343,29.0,<LOD,17.0,37,8.0,10209,72.0,<LOD,13.0,72,6.0,18,3.0,11,2.0,<LOD,2.0,<LOD,2.0,<LOD,2.0,<LOD,2.0,7,2.0,637549,911.0,2497,26.0,<LOD,45.0,<LOD,7.0,340,60.0,<LOD,427.0,<LOD,509.0,<LOD,808.0,<LOD,1069.0,772,23.0,,,<LOD,16.0,344,7.0,<LOD,12.0,75,4.0,34,3.0,321735,927.0
3_m02,<LOD,205179.0,6361,340.0,10097,125.0,171,15.0,914,23.0,5440,49.0,,,1685,29.0,<LOD,3004.0,<LOD,73.0,373,35.0,<LOD,5268.0,176,27.0,40,13.0,48,9.0,46688,250.0,<LOD,20.0,40,7.0,<LOD,3.0,<LOD,2.0,<LOD,1.0,<LOD,2.0,<LOD,2.0,<LOD,2.0,15,2.0,601646,918.0,2211,24.0,<LOD,44.0,<LOD,7.0,409,60.0,<LOD,439.0,<LOD,554.0,<LOD,887.0,<LOD,1169.0,375,19.0,,,<LOD,12.0,504,9.0,<LOD,12.0,71,4.0,25,3.0,322710,972.0
3_m03,<LOD,110424.0,7769,350.0,14211,148.0,462,18.0,1817,28.0,14754,90.0,,,3679,40.0,<LOD,1717.0,<LOD,69.0,406,39.0,<LOD,2934.0,368,30.0,<LOD,18.0,141,10.0,25610,145.0,49,13.0,42,3.0,<LOD,3.0,<LOD,2.0,<LOD,1.0,<LOD,2.0,<LOD,2.0,<LOD,2.0,11,2.0,615977,925.0,2381,25.0,<LOD,45.0,<LOD,7.0,347,61.0,<LOD,448.0,<LOD,564.0,<LOD,902.0,<LOD,1213.0,61,14.0,,,63,7.0,37,3.0,<LOD,11.0,79,4.0,13,2.0,311724,974.0
3_m04,9751,3104.0,7494,285.0,10151,130.0,529,16.0,1385,26.0,5303,58.0,,,3355,39.0,<LOD,1936.0,<LOD,68.0,269,30.0,<LOD,3493.0,228,24.0,<LOD,17.0,65,8.0,23861,205.0,<LOD,15.0,13,4.0,<LOD,3.0,<LOD,2.0,<LOD,1.0,<LOD,2.0,<LOD,2.0,<LOD,2.0,<LOD,2.0,662546,2483.0,2128,26.0,<LOD,42.0,<LOD,6.0,392,56.0,<LOD,384.0,<LOD,480.0,<LOD,765.0,<LOD,991.0,258,14.0,,,<LOD,11.0,139,4.0,<LOD,10.0,71,3.0,18,2.0,272047,1693.0
3_m05,<LOD,113335.0,6960,292.0,9975,112.0,378,15.0,2353,28.0,12913,76.0,,,3579,35.0,<LOD,1550.0,<LOD,67.0,360,34.0,<LOD,2850.0,385,27.0,<LOD,17.0,135,9.0,11402,71.0,52,9.0,32,5.0,9,2.0,6,1.0,<LOD,1.0,<LOD,2.0,<LOD,2.0,<LOD,2.0,11,2.0,669118,836.0,2267,23.0,<LOD,43.0,<LOD,6.0,354,60.0,<LOD,393.0,<LOD,477.0,<LOD,749.0,<LOD,997.0,328,15.0,,,<LOD,12.0,280,6.0,<LOD,11.0,75,3.0,21,2.0,279007,856.0
3_m06,<LOD,164172.0,6169,343.0,11066,130.0,323,16.0,1317,26.0,6977,56.0,,,1566,31.0,<LOD,2456.0,<LOD,71.0,363,38.0,<LOD,4073.0,228,28.0,<LOD,17.0,57,8.0,14921,96.0,<LOD,14.0,40,7.0,11,3.0,<LOD,2.0,<LOD,1.0,<LOD,2.0,<LOD,2.0,<LOD,2.0,11,2.0,634202,917.0,2471,26.0,<LOD,45.0,<LOD,7.0,418,63.0,<LOD,429.0,<LOD,527.0,<LOD,795.0,<LOD,1095.0,366,18.0,,,<LOD,12.0,427,8.0,<LOD,12.0,81,4.0,26,3.0,318960,939.0
3_m07,<LOD,117651.0,7433,332.0,14339,143.0,413,17.0,2224,29.0,10263,69.0,,,1529,30.0,933,215.0,<LOD,68.0,336,37.0,<LOD,2975.0,347,28.0,<LOD,17.0,92,9.0,16564,101.0,<LOD,14.0,85,11.0,<LOD,3.0,<LOD,2.0,<LOD,2.0,<LOD,2.0,<LOD,2.0,<LOD,2.0,12,2.0,635955,922.0,2378,25.0,<LOD,44.0,<LOD,7.0,387,60.0,<LOD,417.0,<LOD,496.0,810,205.0,<LOD,1066.0,47,13.0,,,31,6.0,1366,14.0,<LOD,12.0,82,4.0,16,2.0,304357,941.0
3_m08,<LOD,171929.0,6811,313.0,9709,115.0,217,14.0,1085,23.0,6298,50.0,,,1974,30.0,<LOD,2585.0,<LOD,70.0,368,35.0,<LOD,4482.0,261,27.0,<LOD,17.0,53,8.0,23035,131.0,<LOD,16.0,68,7.0,8,2.0,7,1.0,<LOD,1.0,<LOD,2.0,<LOD,2.0,<LOD,2.0,9,2.0,637606,875.0,2280,24.0,<LOD,44.0,<LOD,7.0,318,57.0,<LOD,399.0,442,128.0,<LOD,808.0,<LOD,1048.0,287,16.0,,,<LOD,12.0,456,8.0,<LOD,12.0,76,4.0,20,2.0,308612,899.0
3_m09,<LOD,91854.0,6685,341.0,13869,143.0,277,16.0,1322,26.0,23530,129.0,,,1537,32.0,<LOD,1402.0,<LOD,71.0,363,39.0,<LOD,2371.0,290,29.0,<LOD,17.0,79,9.0,12835,84.0,40,10.0,40,5.0,<LOD,3.0,<LOD,2.0,<LOD,2.0,<LOD,2.0,<LOD,2.0,<LOD,2.0,12,2.0,631083,943.0,2459,26.0,<LOD,45.0,<LOD,7.0,379,62.0,<LOD,439.0,<LOD,507.0,641,205.0,1054,278.0,82,13.0,,,25,6.0,176,5.0,<LOD,12.0,89,4.0,16,2.0,303117,963.0
3_m10,<LOD,74158.0,6981,328.0,14062,145.0,410,18.0,2024,31.0,26249,141.0,,,3816,41.0,<LOD,1281.0,<LOD,69.0,402,40.0,<LOD,2168.0,879,35.0,<LOD,18.0,89,9.0,17630,106.0,97,12.0,78,7.0,<LOD,3.0,<LOD,2.0,<LOD,2.0,<LOD,2.0,<LOD,2.0,<LOD,2.0,13,2.0,619134,926.0,2354,25.0,<LOD,45.0,<LOD,7.0,378,61.0,<LOD,436.0,<LOD,538.0,<LOD,822.0,1218,268.0,231,17.0,,,23,7.0,463,8.0,<LOD,12.0,86,4.0,18,2.0,303367,969.0
3_m11,<LOD,91492.0,7279,345.0,12474,137.0,265,16.0,1617,28.0,22481,125.0,,,1486,33.0,<LOD,1383.0,<LOD,68.0,372,40.0,<LOD,2337.0,317,30.0,<LOD,17.0,570,16.0,5895,49.0,<LOD,11.0,18,5.0,9,3.0,9,2.0,<LOD,2.0,<LOD,2.0,<LOD,2.0,<LOD,2.0,8,2.0,635403,932.0,2505,26.0,<LOD,46.0,<LOD,7.0,423,63.0,<LOD,414.0,<LOD,533.0,<LOD,802.0,847,280.0,424,18.0,,,<LOD,12.0,289,7.0,<LOD,12.0,82,4.0,26,3.0,307202,950.0
3_m12,<LOD,123743.0,7233,343.0,12234,135.0,271,16.0,1553,27.0,18171,106.0,,,2147,34.0,<LOD,1699.0,<LOD,72.0,374,39.0,<LOD,2901.0,284,29.0,<LOD,17.0,88,9.0,13972,90.0,103,11.0,75,7.0,<LOD,3.0,<LOD,2.0,<LOD,2.0,<LOD,2.0,<LOD,2.0,<LOD,2.0,11,2.0,629756,919.0,2479,26.0,<LOD,45.0,<LOD,7.0,352,60.0,<LOD,426.0,<LOD,532.0,<LOD,835.0,<LOD,1126.0,176,15.0,,,<LOD,11.0,448,8.0,<LOD,12.0,81,4.0,18,2.0,310174,955.0
3_m13,<LOD,106333.0,6284,347.0,11041,132.0,403,18.0,1231,30.0,18674,112.0,,,2062,35.0,<LOD,1659.0,<LOD,68.0,470,42.0,<LOD,2720.0,304,30.0,<LOD,18.0,44,9.0,10934,76.0,78,12.0,48,5.0,26,3.0,12,2.0,<LOD,2.0,<LOD,2.0,<LOD,2.0,<LOD,2.0,11,2.0,625623,927.0,2485,26.0,<LOD,45.0,<LOD,7.0,459,60.0,<LOD,418.0,<LOD,511.0,<LOD,803.0,<LOD,1128.0,1101,27.0,,,<LOD,16.0,191,6.0,<LOD,12.0,74,4.0,39,3.0,318404,961.0
3_m14,<LOD,165887.0,5969,349.0,10295,127.0,178,15.0,1302,25.0,7830,60.0,,,1483,32.0,<LOD,2521.0,<LOD,71.0,442,41.0,<LOD,4125.0,299,28.0,<LOD,16.0,105,9.0,11977,82.0,46,10.0,12,4.0,<LOD,3.0,<LOD,2.0,<LOD,1.0,<LOD,2.0,<LOD,2.0,<LOD,2.0,14,2.0,632942,952.0,2550,27.0,<LOD,46.0,<LOD,7.0,423,63.0,<LOD,414.0,426,128.0,660,198.0,1024,262.0,47,13.0,,,22,6.0,109,4.0,<LOD,11.0,93,4.0,15,2.0,321739,954.0
3_m15,<LOD,107158.0,6815,352.0,12594,143.0,340,18.0,2344,34.0,15758,99.0,,,3340,40.0,<LOD,1765.0,<LOD,71.0,389,41.0,<LOD,2877.0,454,33.0,<LOD,18.0,84,9.0,14623,95.0,<LOD,14.0,81,8.0,<LOD,3.0,5,2.0,<LOD,2.0,<LOD,2.0,<LOD,2.0,<LOD,2.0,12,2.0,620952,948.0,2545,27.0,<LOD,46.0,<LOD,7.0,380,66.0,<LOD,465.0,<LOD,557.0,<LOD,795.0,<LOD,1149.0,410,20.0,,,<LOD,13.0,568,9.0,<LOD,12.0,81,4.0,23,3.0,318203,989.0
3_m16,<LOD,164311.0,6080,349.0,10445,129.0,188,15.0,1345,26.0,7402,58.0,,,1484,32.0,<LOD,2546.0,<LOD,69.0,397,40.0,<LOD,4197.0,204,28.0,<LOD,17.0,72,9.0,17190,108.0,<LOD,14.0,29,5.0,<LOD,3.0,<LOD,2.0,<LOD,2.0,<LOD,2.0,<LOD,2.0,<LOD,2.0,16,2.0,630118,941.0,2544,27.0,<LOD,45.0,<LOD,7.0,424,57.0,<LOD,416.0,399,129.0,<LOD,832.0,<LOD,1129.0,64,14.0,,,65,7.0,207,6.0,<LOD,11.0,90,4.0,13,2.0,321225,966.0
3_m17,<LOD,137899.0,7295,356.0,11431,134.0,322,17.0,1552,29.0,10424,74.0,,,1970,35.0,<LOD,2160.0,<LOD,71.0,438,42.0,<LOD,3482.0,295,30.0,<LOD,17.0,55,8.0,8748,65.0,<LOD,12.0,59,7.0,<LOD,3.0,<LOD,2.0,<LOD,2.0,<LOD,2.0,<LOD,2.0,<LOD,2.0,10,2.0,633018,937.0,2606,27.0,<LOD,46.0,<LOD,7.0,372,61.0,<LOD,429.0,<LOD,513.0,<LOD,827.0,<LOD,1092.0,405,19.0,,,155,10.0,506,9.0,<LOD,13.0,83,4.0,27,3.0,320229,961.0
3_m18,<LOD,119640.0,6545,336.0,10564,128.0,285,16.0,2097,30.0,14055,89.0,,,1853,33.0,<LOD,1884.0,<LOD,70.0,413,39.0,<LOD,3153.0,276,29.0,<LOD,18.0,66,9.0,14596,94.0,274,13.0,107,8.0,15,3.0,7,2.0,<LOD,2.0,<LOD,2.0,<LOD,2.0,<LOD,2.0,12,2.0,629027,932.0,2463,26.0,<LOD,45.0,<LOD,7.0,451,62.0,444,107.0,461,122.0,1167,206.0,<LOD,1047.0,558,21.0,,,<LOD,14.0,665,10.0,<LOD,12.0,78,4.0,30,3.0,313492,956.0
3_m19,<LOD,133592.0,6572,359.0,12513,143.0,269,17.0,3011,35.0,8485,67.0,,,2399,37.0,<LOD,2315.0,<LOD,74.0,427,42.0,<LOD,3707.0,464,33.0,<LOD,19.0,83,10.0,24317,146.0,<LOD,16.0,39,4.0,<LOD,3.0,<LOD,2.0,<LOD,2.0,<LOD,2.0,<LOD,2.0,<LOD,2.0,12,2.0,603750,979.0,2572,28.0,<LOD,46.0,<LOD,7.0,366,67.0,<LOD,490.0,<LOD,616.0,<LOD,924.0,1329,296.0,<LOD,17.0,,,118,8.0,56,4.0,<LOD,11.0,86,4.0,12,3.0,333122,1016.0
3_m20,<LOD,106641.0,6894,328.0,12104,133.0,362,17.0,1541,26.0,15788,95.0,,,3384,38.0,<LOD,1770.0,<LOD,72.0,380,38.0,<LOD,2939.0,325,30.0,<LOD,18.0,67,8.0,15878,99.0,<LOD,14.0,243,9.0,<LOD,3.0,4,1.0,<LOD,2.0,<LOD,2.0,<LOD,2.0,6,2.0,10,2.0,628389,912.0,2415,25.0,<LOD,45.0,<LOD,7.0,454,61.0,<LOD,414.0,415,129.0,<LOD,826.0,<LOD,1053.0,238,16.0,,,<LOD,12.0,659,10.0,<LOD,12.0,76,4.0,18,2.0,310345,948.0
3_m21,<LOD,109750.0,6470,336.0,10655,126.0,206,15.0,3224,34.0,15986,96.0,,,1353,32.0,697,232.0,<LOD,71.0,436,41.0,<LOD,2892.0,211,28.0,<LOD,17.0,83,9.0,11450,77.0,36,10.0,23,4.0,<LOD,3.0,<LOD,2.0,<LOD,1.0,<LOD,2.0,<LOD,2.0,<LOD,2.0,12,2.0,638379,936.0,2522,26.0,<LOD,45.0,<LOD,7.0,428,62.0,<LOD,425.0,<LOD,523.0,<LOD,818.0,<LOD,1118.0,69,13.0,,,<LOD,10.0,175,5.0,<LOD,11.0,89,4.0,13,2.0,307484,958.0
3_m22,<LOD,128806.0,6116,319.0,10366,123.0,401,17.0,2034,28.0,11253,74.0,,,1764,31.0,<LOD,2061.0,<LOD,67.0,406,38.0,<LOD,3482.0,246,28.0,<LOD,18.0,101,9.0,20357,120.0,<LOD,15.0,42,6.0,<LOD,3.0,<LOD,2.0,<LOD,2.0,<LOD,2.0,<LOD,2.0,<LOD,2.0,15,2.0,633149,902.0,2394,25.0,<LOD,45.0,<LOD,7.0,441,60.0,<LOD,414.0,<LOD,501.0,<LOD,763.0,<LOD,1020.0,51,13.0,,,97,7.0,319,7.0,<LOD,11.0,81,4.0,9,2.0,310360,935.0
3_m23,<LOD,143455.0,7224,353.0,12133,137.0,212,16.0,2637,31.0,7200,58.0,,,1586,33.0,<LOD,2278.0,<LOD,72.0,425,41.0,<LOD,3673.0,285,30.0,<LOD,17.0,132,10.0,12457,84.0,38,10.0,16,4.0,<LOD,3.0,<LOD,2.0,<LOD,2.0,<LOD,2.0,<LOD,2.0,<LOD,2.0,9,2.0,627522,932.0,2539,27.0,<LOD,46.0,<LOD,7.0,452,65.0,<LOD,443.0,<LOD,540.0,<LOD,810.0,<LOD,1088.0,49,13.0,,,35,6.0,97,4.0,<LOD,11.0,83,4.0,15,2.0,324854,957.0
3_m24,<LOD,155269.0,6436,339.0,10578,128.0,167,15.0,1144,24.0,7116,56.0,,,1638,32.0,<LOD,2437.0,<LOD,70.0,396,40.0,<LOD,4040.0,301,30.0,<LOD,18.0,81,9.0,14915,96.0,<LOD,14.0,78,6.0,<LOD,3.0,<LOD,2.0,<LOD,2.0,<LOD,2.0,<LOD,2.0,<LOD,2.0,12,2.0,632650,925.0,2485,26.0,<LOD,45.0,<LOD,7.0,367,59.0,366,101.0,<LOD,524.0,<LOD,855.0,<LOD,1097.0,218,16.0,,,<LOD,12.0,352,7.0,<LOD,12.0,90,4.0,20,3.0,320590,947.0
3_m25,<LOD,149969.0,6761,337.0,11514,132.0,238,16.0,1510,26.0,12941,83.0,,,1644,31.0,<LOD,2101.0,<LOD,69.0,354,38.0,<LOD,3479.0,581,33.0,<LOD,18.0,80,9.0,25022,144.0,<LOD,16.0,50,7.0,<LOD,3.0,<LOD,2.0,<LOD,2.0,<LOD,2.0,<LOD,2.0,<LOD,2.0,13,2.0,620075,923.0,2387,25.0,<LOD,45.0,<LOD,7.0,435,61.0,<LOD,437.0,<LOD,524.0,<LOD,830.0,<LOD,1116.0,117,15.0,,,132,9.0,402,8.0,<LOD,12.0,85,4.0,15,3.0,315644,966.0
3_m26,<LOD,176011.0,6698,347.0,10427,127.0,214,15.0,1081,24.0,7414,58.0,,,1552,32.0,<LOD,2756.0,<LOD,71.0,440,41.0,<LOD,4524.0,278,28.0,<LOD,17.0,71,8.0,9252,68.0,36,10.0,75,6.0,<LOD,3.0,<LOD,2.0,<LOD,2.0,<LOD,2.0,<LOD,2.0,<LOD,2.0,7,2.0,636960,927.0,2551,27.0,<LOD,45.0,<LOD,7.0,368,62.0,<LOD,410.0,<LOD,509.0,<LOD,828.0,<LOD,1091.0,209,16.0,,,<LOD,11.0,348,7.0,<LOD,12.0,90,4.0,23,3.0,321906,945.0
3_m27,<LOD,171047.0,6438,348.0,10981,131.0,241,16.0,1089,26.0,6585,57.0,,,1561,33.0,<LOD,2782.0,<LOD,70.0,432,42.0,<LOD,4438.0,257,29.0,<LOD,17.0,75,9.0,11058,78.0,174,12.0,63,7.0,<LOD,3.0,<LOD,2.0,<LOD,2.0,<LOD,2.0,<LOD,2.0,<LOD,2.0,10,2.0,626766,952.0,2611,27.0,<LOD,46.0,<LOD,7.0,461,64.0,<LOD,425.0,<LOD,527.0,<LOD,840.0,990,285.0,420,19.0,,,<LOD,13.0,454,8.0,<LOD,12.0,91,4.0,28,3.0,329213,962.0
3_m28,<LOD,156625.0,6699,346.0,11039,130.0,223,16.0,1036,25.0,6632,55.0,,,1711,32.0,<LOD,2519.0,<LOD,70.0,356,39.0,<LOD,4101.0,469,31.0,<LOD,18.0,101,9.0,20015,123.0,<LOD,15.0,51,6.0,<LOD,3.0,<LOD,2.0,<LOD,2.0,<LOD,2.0,<LOD,2.0,<LOD,2.0,15,2.0,620734,928.0,2441,26.0,<LOD,45.0,<LOD,7.0,391,61.0,376,103.0,<LOD,534.0,<LOD,845.0,<LOD,1129.0,59,14.0,,,29,7.0,283,7.0,<LOD,12.0,84,4.0,13,2.0,327243,957.0
4_m01,<LOD,50576.0,12969,888.0,27990,315.0,470,46.0,8889,90.0,4031,98.0,82238,281.0,<LOD,1187.0,<LOD,926.0,<LOD,86.0,103.0,35.0,263,34.0,449,45.0,93,9.0,301,30.0,642253,1133.0,1300,82.0,1937,45.0,<LOD,3.0,<LOD,2.0,<LOD,1.0,25,8.0,<LOD,3.0,46,7.0,106,8.0,137627,445.0,1111,33.0,<LOD,28.0,1278,68.0,<LOD,1494.0,<LOD,2571.0,<LOD,3256.0,974,295.0,1414,405.0,<LOD,38.0,388,29.0,2222,64.0,2230,41.0,1148,94.0,<LOD,12.0,<LOD,5.0,68051,1065.0
4_m02,<LOD,22345.0,9583,323.0,9919,117.0,336,18.0,1305,26.0,107876,379.0,38907,186.0,<LOD,444.0,718,234.0,<LOD,70.0,376.0,39.0,<LOD,697.0,790,34.0,<LOD,9.0,169,10.0,4087,37.0,9168,54.0,<LOD,10.0,<LOD,3.0,397,5.0,<LOD,2.0,<LOD,3.0,<LOD,2.0,11,2.0,14,2.0,586162,863.0,1961,21.0,<LOD,45.0,<LOD,7.0,412,62.0,<LOD,449.0,496,132.0,<LOD,849.0,<LOD,1142.0,<LOD,50.0,189,7.0,<LOD,16.0,764,10.0,106,13.0,76,4.0,9,3.0,226168,981.0
4_m03,<LOD,47315.0,16098,820.0,35085,350.0,2777,69.0,8126,82.0,29879,140.0,28804,169.0,2879,42.0,<LOD,1411.0,<LOD,86.0,50.0,26.0,165,24.0,908,37.0,95,7.0,270,29.0,854362,837.0,8986,103.0,3366,54.0,81,12.0,<LOD,2.0,18,5.0,26,8.0,<LOD,3.0,<LOD,2.0,176,10.0,1131,39.0,<LOD,6.0,419,41.0,166,51.0,<LOD,4621.0,<LOD,7976.0,<LOD,10548.0,<LOD,16536.0,<LOD,22210.0,<LOD,26.0,<LOD,5.0,<LOD,9.0,1246,37.0,4792,171.0,<LOD,16.0,<LOD,3.0,<LOD,0.0
4_m04,<LOD,48126.0,11440,891.0,32388,342.0,<LOD,808.0,3702,66.0,6701,94.0,49223,193.0,1440,43.0,<LOD,1252.0,129,42.0,58.0,28.0,196,25.0,474,36.0,98,7.0,588,32.0,857650,888.0,24675,131.0,2055,47.0,73,11.0,<LOD,1.0,28,5.0,70,8.0,<LOD,3.0,<LOD,2.0,217,10.0,1113,39.0,<LOD,6.0,1241,48.0,2410,70.0,<LOD,4547.0,<LOD,7758.0,<LOD,10057.0,<LOD,15923.0,<LOD,21169.0,<LOD,33.0,<LOD,4.0,<LOD,11.0,1308,37.0,2623,164.0,<LOD,16.0,<LOD,3.0,<LOD,0.0
4_m05,<LOD,41884.0,9025,852.0,31262,334.0,369,50.0,5503,70.0,21702,123.0,48722,190.0,1060,42.0,<LOD,1144.0,<LOD,78.0,58.0,27.0,<LOD,2784.0,640,38.0,71,8.0,863,33.0,837398,839.0,30408,138.0,2688,57.0,38,11.0,<LOD,1.0,15,5.0,<LOD,2.0,<LOD,3.0,<LOD,2.0,215,10.0,737,33.0,<LOD,6.0,3127,54.0,457,53.0,<LOD,4292.0,<LOD,7505.0,<LOD,9507.0,<LOD,14683.0,<LOD,19477.0,<LOD,36.0,<LOD,5.0,<LOD,11.0,2573,49.0,2998,160.0,<LOD,15.0,<LOD,3.0,<LOD,0.0
4_m06,<LOD,43095.0,11135,883.0,44284,373.0,395,49.0,3214,60.0,5334,85.0,59064,200.0,<LOD,1407.0,<LOD,1082.0,<LOD,80.0,62.0,27.0,155,25.0,1088,39.0,100,8.0,1016,33.0,826376,870.0,39020,150.0,914,40.0,54,11.0,<LOD,1.0,19,5.0,49,8.0,<LOD,3.0,41,12.0,225,10.0,905,36.0,<LOD,6.0,1526,47.0,169,51.0,<LOD,4194.0,<LOD,7427.0,416,136.0,<LOD,14884.0,<LOD,20177.0,<LOD,37.0,<LOD,4.0,<LOD,11.0,1521,38.0,2817,156.0,<LOD,15.0,<LOD,3.0,<LOD,0.0
4_m07,<LOD,37419.0,20569,848.0,48546,381.0,1464,58.0,7243,77.0,24289,127.0,41489,182.0,4738,48.0,<LOD,1103.0,<LOD,84.0,58.0,26.0,226,25.0,2173,44.0,105,8.0,694,30.0,799345,826.0,38730,146.0,2380,51.0,32,11.0,<LOD,1.0,17,5.0,51,8.0,<LOD,3.0,<LOD,2.0,207,9.0,807,34.0,<LOD,6.0,1508,45.0,287,49.0,<LOD,4301.0,<LOD,7403.0,<LOD,9447.0,<LOD,14971.0,<LOD,20293.0,<LOD,39.0,<LOD,5.0,<LOD,12.0,2076,43.0,2861,152.0,<LOD,15.0,<LOD,3.0,<LOD,0.0
4_m08,<LOD,54813.0,21555,826.0,51421,404.0,811,55.0,8534,84.0,13575,112.0,22030,163.0,2734,40.0,<LOD,1912.0,122,40.0,42.0,25.0,235,23.0,1801,42.0,105,8.0,399,29.0,836416,905.0,27404,132.0,1407,39.0,68,11.0,<LOD,1.0,<LOD,1.0,33,8.0,<LOD,3.0,<LOD,2.0,198,10.0,895,36.0,<LOD,6.0,2563,53.0,557,56.0,<LOD,3991.0,340,113.0,<LOD,8588.0,942,210.0,1480,290.0,<LOD,29.0,<LOD,4.0,<LOD,10.0,759,30.0,3467,167.0,<LOD,16.0,<LOD,3.0,<LOD,0.0
4_m09,<LOD,28854.0,<LOD,5168.0,<LOD,4193.0,<LOD,660.0,<LOD,1165.0,<LOD,2737.0,<LOD,3353.0,<LOD,1865.0,1259,245.0,<LOD,93.0,122.0,39.0,230,39.0,2300,64.0,116,12.0,1111,46.0,843778,619.0,3175,115.0,10857,126.0,54,17.0,<LOD,2.0,27,8.0,<LOD,3.0,<LOD,3.0,88,11.0,162,14.0,1174,48.0,<LOD,9.0,117674,281.0,3327,113.0,<LOD,1378.0,868,195.0,<LOD,3089.0,<LOD,4830.0,1531,503.0,<LOD,33.0,<LOD,9.0,<LOD,12.0,10165,108.0,1867,151.0,<LOD,13.0,<LOD,4.0,<LOD,1784.0
4_m10,<LOD,35837.0,<LOD,6621.0,<LOD,4110.0,<LOD,634.0,<LOD,1629.0,<LOD,2151.0,<LOD,5118.0,<LOD,1803.0,866,188.0,<LOD,93.0,145.0,32.0,186,30.0,2190,52.0,90,10.0,545,36.0,898376,441.0,21775,137.0,4400,139.0,<LOD,3.0,<LOD,2.0,27,8.0,<LOD,3.0,<LOD,3.0,<LOD,2.0,235,13.0,1084,44.0,<LOD,7.0,41390,173.0,1470,83.0,<LOD,2340.0,801,153.0,615,188.0,<LOD,8103.0,<LOD,10910.0,<LOD,37.0,<LOD,7.0,<LOD,12.0,22009,151.0,3706,183.0,<LOD,14.0,<LOD,3.0,<LOD,1501.0
4_m11,<LOD,34624.0,<LOD,6036.0,<LOD,3928.0,<LOD,774.0,<LOD,1144.0,<LOD,2149.0,<LOD,4602.0,<LOD,2119.0,<LOD,298.0,<LOD,86.0,139.0,32.0,151,31.0,1551,49.0,87,10.0,799,38.0,903759,369.0,19353,134.0,5236,134.0,<LOD,3.0,<LOD,2.0,29,7.0,<LOD,3.0,<LOD,3.0,<LOD,2.0,218,13.0,1100,44.0,<LOD,7.0,44167,177.0,812,80.0,<LOD,2294.0,594,153.0,<LOD,4971.0,<LOD,7863.0,<LOD,10691.0,<LOD,36.0,130,42.0,<LOD,12.0,18864,141.0,2926,186.0,<LOD,14.0,<LOD,3.0,<LOD,1502.0
4_m12,<LOD,39884.0,<LOD,6808.0,<LOD,4829.0,<LOD,1364.0,<LOD,2505.0,<LOD,3037.0,<LOD,4483.0,<LOD,2432.0,<LOD,313.0,<LOD,86.0,100.0,30.0,230,31.0,7121,74.0,92,12.0,815,38.0,884011,340.0,47283,169.0,4963,121.0,<LOD,3.0,<LOD,2.0,38,8.0,68,18.0,<LOD,3.0,<LOD,2.0,263,15.0,1249,45.0,<LOD,7.0,34099,164.0,1724,91.0,<LOD,2526.0,<LOD,4574.0,<LOD,5866.0,<LOD,9122.0,<LOD,11803.0,<LOD,47.0,<LOD,7.0,<LOD,15.0,13340,125.0,4512,186.0,<LOD,14.0,<LOD,3.0,<LOD,1649.0
4_m13,<LOD,32399.0,<LOD,5954.0,<LOD,4354.0,<LOD,1006.0,<LOD,1975.0,<LOD,2448.0,<LOD,4272.0,<LOD,1843.0,<LOD,309.0,176,56.0,150.0,36.0,246,34.0,2831,61.0,89,11.0,589,38.0,857031,392.0,22134,139.0,6999,193.0,<LOD,4.0,<LOD,2.0,<LOD,1.0,<LOD,5.0,<LOD,3.0,<LOD,2.0,215,14.0,984,44.0,<LOD,7.0,57811,202.0,421,81.0,<LOD,2094.0,<LOD,3793.0,<LOD,4826.0,<LOD,7597.0,<LOD,10042.0,<LOD,41.0,<LOD,9.0,<LOD,14.0,46053,209.0,4183,184.0,<LOD,13.0,<LOD,4.0,<LOD,1584.0
4_m14,<LOD,32423.0,<LOD,5886.0,<LOD,3940.0,<LOD,726.0,<LOD,1417.0,<LOD,2672.0,<LOD,4276.0,<LOD,1789.0,<LOD,311.0,<LOD,92.0,143.0,32.0,145,31.0,2460,54.0,95,10.0,780,38.0,889060,349.0,27437,144.0,3799,144.0,52,16.0,<LOD,2.0,<LOD,1.0,<LOD,3.0,<LOD,3.0,<LOD,2.0,226,13.0,1327,48.0,<LOD,7.0,45599,179.0,1069,81.0,<LOD,2291.0,<LOD,4172.0,<LOD,5298.0,<LOD,8249.0,<LOD,10811.0,<LOD,39.0,<LOD,7.0,<LOD,13.0,24415,158.0,3296,181.0,<LOD,14.0,<LOD,3.0,<LOD,1489.0
4_m15,<LOD,32044.0,<LOD,5862.0,<LOD,3625.0,<LOD,711.0,<LOD,1431.0,<LOD,2452.0,<LOD,4579.0,<LOD,1909.0,<LOD,311.0,<LOD,85.0,143.0,35.0,181,33.0,3123,62.0,118,11.0,506,37.0,863020,352.0,22024,140.0,7079,129.0,<LOD,3.0,<LOD,2.0,<LOD,1.0,<LOD,3.0,<LOD,3.0,<LOD,2.0,201,13.0,1338,50.0,<LOD,8.0,80737,227.0,1932,92.0,<LOD,1642.0,<LOD,2948.0,<LOD,3603.0,<LOD,5469.0,<LOD,7238.0,<LOD,38.0,<LOD,8.0,<LOD,13.0,15611,129.0,3869,173.0,<LOD,13.0,<LOD,3.0,<LOD,1578.0
4_m16,<LOD,36159.0,<LOD,6472.0,<LOD,4009.0,<LOD,725.0,<LOD,1648.0,<LOD,2325.0,<LOD,5028.0,<LOD,2081.0,<LOD,318.0,<LOD,88.0,138.0,35.0,315,34.0,2867,60.0,108,11.0,652,38.0,854458,505.0,27691,146.0,5140,137.0,<LOD,3.0,<LOD,2.0,<LOD,1.0,<LOD,3.0,<LOD,3.0,<LOD,2.0,221,13.0,947,45.0,<LOD,7.0,80055,227.0,1882,88.0,<LOD,1614.0,<LOD,2954.0,<LOD,3596.0,<LOD,5475.0,1485,423.0,<LOD,40.0,<LOD,7.0,<LOD,14.0,20918,146.0,3015,166.0,<LOD,13.0,<LOD,3.0,<LOD,1525.0
4_m17,<LOD,49688.0,33466,857.0,85453,490.0,1283,63.0,6885,84.0,9557,111.0,10277,164.0,10610,59.0,800,164.0,<LOD,100.0,41.0,27.0,260,27.0,7276,68.0,<LOD,23.0,2747,47.0,815391,911.0,358,90.0,3290,85.0,42,11.0,35,8.0,38,6.0,<LOD,3.0,<LOD,3.0,55,9.0,166,10.0,654,31.0,<LOD,7.0,245,42.0,368,54.0,263,67.0,<LOD,7605.0,<LOD,9549.0,<LOD,14712.0,<LOD,20256.0,<LOD,23.0,<LOD,5.0,<LOD,9.0,8875,89.0,1564,151.0,<LOD,16.0,<LOD,3.0,<LOD,0.0
4_m18,<LOD,45461.0,39678,845.0,101143,498.0,2937,72.0,5293,76.0,12179,111.0,9294,157.0,4634,43.0,<LOD,1724.0,<LOD,80.0,41.0,24.0,196,24.0,1037,38.0,83,7.0,1138,35.0,813152,891.0,<LOD,74.0,1172,46.0,50,9.0,<LOD,1.0,20,5.0,33,8.0,<LOD,3.0,76,8.0,148,9.0,1120,38.0,<LOD,6.0,184,39.0,1516,60.0,<LOD,4457.0,322,102.0,<LOD,9650.0,<LOD,15465.0,<LOD,20936.0,<LOD,21.0,76,18.0,<LOD,8.0,2467,46.0,1928,151.0,<LOD,16.0,<LOD,3.0,<LOD,0.0
4_m19,<LOD,52277.0,31115,843.0,50044,405.0,12239,119.0,8813,92.0,19760,131.0,11909,162.0,4786,45.0,<LOD,1895.0,<LOD,85.0,44.0,25.0,222,24.0,1518,41.0,96,8.0,<LOD,30.0,843388,881.0,856,89.0,2023,73.0,115,11.0,<LOD,1.0,29,6.0,<LOD,2.0,<LOD,3.0,90,9.0,188,10.0,2402,56.0,<LOD,6.0,351,43.0,459,53.0,268,65.0,<LOD,7713.0,<LOD,9868.0,<LOD,15130.0,<LOD,20166.0,<LOD,24.0,<LOD,5.0,<LOD,9.0,6711,77.0,2478,159.0,<LOD,16.0,<LOD,3.0,<LOD,0.0
4_m20,18252,5838.0,9202,852.0,31663,447.0,<LOD,647.0,17080,196.0,4000,92.0,62101,633.0,1043,44.0,<LOD,984.0,<LOD,81.0,52.0,26.0,111,26.0,212,35.0,91,8.0,693,34.0,841441,5153.0,279,87.0,1062,58.0,37,9.0,<LOD,1.0,24,5.0,31,9.0,<LOD,3.0,68,8.0,168,9.0,1010,39.0,<LOD,6.0,<LOD,9.0,3269,77.0,<LOD,3984.0,<LOD,6657.0,456,135.0,756,215.0,<LOD,18417.0,<LOD,20.0,80,19.0,<LOD,8.0,4561,76.0,2166,155.0,<LOD,16.0,<LOD,3.0,<LOD,0.0
4_m21,<LOD,60639.0,21153,778.0,68640,445.0,1560,62.0,5139,77.0,12634,114.0,9036,150.0,5695,45.0,<LOD,2261.0,<LOD,85.0,45.0,26.0,232,23.0,363,34.0,125,7.0,648,33.0,863954,851.0,279,90.0,1777,39.0,72,9.0,<LOD,1.0,23,5.0,47,8.0,<LOD,3.0,81,9.0,179,10.0,857,35.0,<LOD,6.0,267,42.0,4175,79.0,<LOD,4137.0,<LOD,7208.0,<LOD,9132.0,<LOD,14200.0,<LOD,19665.0,<LOD,20.0,95,20.0,<LOD,7.0,513,24.0,2284,165.0,<LOD,16.0,<LOD,3.0,<LOD,0.0
4_m22,<LOD,55633.0,12878,823.0,33480,341.0,<LOD,991.0,3215,64.0,9945,101.0,35528,173.0,296,36.0,<LOD,1842.0,133,39.0,35.0,25.0,280,23.0,407,34.0,112,7.0,116,29.0,896252,860.0,<LOD,74.0,518,37.0,69,10.0,<LOD,1.0,22,5.0,50,8.0,<LOD,3.0,120,9.0,210,10.0,1926,51.0,<LOD,6.0,207,43.0,298,54.0,<LOD,4401.0,<LOD,7587.0,<LOD,9531.0,<LOD,15183.0,<LOD,20408.0,<LOD,20.0,148,20.0,<LOD,8.0,1481,38.0,2161,175.0,<LOD,16.0,<LOD,3.0,<LOD,0.0
4_m23,<LOD,37844.0,16906,798.0,67183,422.0,1268,57.0,5880,72.0,23433,126.0,35158,174.0,4125,45.0,<LOD,1162.0,<LOD,82.0,52.0,26.0,145,25.0,838,38.0,82,8.0,293,30.0,834950,833.0,<LOD,74.0,1055,51.0,32,8.0,<LOD,1.0,20,5.0,29,9.0,<LOD,3.0,85,8.0,188,9.0,963,36.0,<LOD,6.0,186,38.0,1051,56.0,244,62.0,337,106.0,<LOD,9412.0,<LOD,14536.0,<LOD,19069.0,<LOD,20.0,68,18.0,<LOD,8.0,3416,54.0,1931,153.0,<LOD,16.0,<LOD,3.0,<LOD,0.0
4_m24,21138,5873.0,14588,849.0,41553,546.0,1789,63.0,9558,126.0,7407,119.0,47786,504.0,10456,120.0,<LOD,1034.0,131,39.0,47.0,26.0,251,26.0,911,39.0,82,7.0,211,29.0,835344,5162.0,395,87.0,487,43.0,67,9.0,<LOD,1.0,40,5.0,40,8.0,<LOD,3.0,85,8.0,176,9.0,1810,50.0,<LOD,6.0,222,39.0,314,48.0,<LOD,4502.0,<LOD,7852.0,447,132.0,<LOD,15548.0,<LOD,21270.0,<LOD,20.0,108,18.0,<LOD,8.0,2568,53.0,1906,154.0,<LOD,16.0,<LOD,3.0,<LOD,0.0
4_m25,<LOD,66883.0,23052,799.0,64753,440.0,1087,59.0,6883,82.0,4605,96.0,12007,154.0,2623,38.0,<LOD,2561.0,<LOD,84.0,42.0,25.0,180,24.0,1091,38.0,94,7.0,105,29.0,874648,879.0,<LOD,74.0,668,48.0,82,11.0,<LOD,1.0,30,5.0,53,9.0,<LOD,3.0,84,9.0,185,10.0,1655,47.0,<LOD,6.0,189,45.0,283,57.0,<LOD,4320.0,<LOD,7513.0,510,141.0,<LOD,15433.0,<LOD,21084.0,<LOD,20.0,97,20.0,<LOD,8.0,2783,52.0,2120,171.0,<LOD,16.0,<LOD,3.0,<LOD,0.0
4_m26,<LOD,24920.0,12267,656.0,41681,356.0,2824,66.0,156359,290.0,29024,179.0,<LOD,2916.0,4506,52.0,<LOD,745.0,<LOD,89.0,104.0,33.0,252,32.0,540,44.0,103,9.0,524,31.0,646390,633.0,823,79.0,19013,197.0,125,18.0,<LOD,3.0,<LOD,2.0,<LOD,7.0,<LOD,3.0,130,7.0,133,9.0,776,35.0,<LOD,7.0,360,38.0,2796,66.0,<LOD,4135.0,<LOD,7043.0,<LOD,9368.0,<LOD,14332.0,<LOD,19243.0,2961,132.0,<LOD,13.0,<LOD,17.0,77127,226.0,1077,129.0,<LOD,13.0,<LOD,4.0,<LOD,0.0
4_m27,<LOD,43771.0,18928,773.0,42096,379.0,1840,65.0,7707,85.0,68268,205.0,4211,160.0,9258,56.0,<LOD,1551.0,<LOD,84.0,46.0,27.0,258,24.0,1060,40.0,102,7.0,2291,44.0,832477,810.0,377,90.0,2316,66.0,40,9.0,<LOD,1.0,24,5.0,39,10.0,<LOD,3.0,78,9.0,174,10.0,255,22.0,<LOD,7.0,354,43.0,931,62.0,<LOD,3852.0,371,114.0,<LOD,8872.0,<LOD,13868.0,<LOD,18178.0,<LOD,22.0,<LOD,5.0,<LOD,8.0,4747,65.0,1648,154.0,<LOD,16.0,<LOD,3.0,<LOD,0.0
4_m28,<LOD,49050.0,16187,802.0,40019,360.0,895,54.0,4983,71.0,17862,117.0,28873,167.0,5380,47.0,<LOD,1715.0,<LOD,85.0,47.0,26.0,226,24.0,491,35.0,103,7.0,660,33.0,873350,865.0,<LOD,73.0,1438,39.0,43,9.0,<LOD,1.0,21,5.0,60,8.0,<LOD,3.0,90,9.0,178,10.0,983,37.0,<LOD,6.0,189,41.0,2983,72.0,<LOD,4198.0,<LOD,6988.0,490,137.0,830,220.0,<LOD,18953.0,<LOD,21.0,88,20.0,151,39.0,911,30.0,2365,165.0,<LOD,16.0,<LOD,3.0,<LOD,0.0
4_m29,<LOD,38063.0,13130,828.0,30106,322.0,216,47.0,4656,67.0,35926,147.0,45163,187.0,1565,42.0,<LOD,1085.0,<LOD,83.0,49.0,26.0,176,25.0,284,35.0,93,7.0,2051,42.0,854883,853.0,<LOD,74.0,2723,64.0,63,9.0,<LOD,1.0,28,5.0,39,9.0,<LOD,3.0,98,8.0,171,9.0,617,31.0,<LOD,6.0,161,39.0,369,52.0,<LOD,4297.0,<LOD,7340.0,<LOD,9292.0,705,218.0,<LOD,20654.0,302,95.0,<LOD,5.0,<LOD,8.0,4081,60.0,2252,158.0,<LOD,16.0,<LOD,3.0,<LOD,0.0
5_m01,<LOD,51783.0,14591,807.0,37388,357.0,1059,56.0,3618,66.0,18334,118.0,30595,169.0,484,36.0,<LOD,1635.0,<LOD,85.0,46.0,25.0,190,23.0,1488,40.0,96,7.0,523,31.0,862079,872.0,19622,121.0,1999,42.0,77,11.0,<LOD,1.0,21,5.0,53,8.0,<LOD,3.0,<LOD,2.0,210,10.0,829,35.0,<LOD,6.0,1789,49.0,312,54.0,<LOD,4257.0,<LOD,7346.0,<LOD,9475.0,<LOD,14777.0,929,300.0,<LOD,28.0,<LOD,4.0,<LOD,9.0,616,27.0,2958,168.0,<LOD,16.0,<LOD,3.0,<LOD,0.0
5_m02,<LOD,39698.0,12435,862.0,33445,335.0,817,53.0,4505,69.0,15685,113.0,52969,196.0,1076,42.0,<LOD,1130.0,179,43.0,46.0,26.0,174,25.0,992,39.0,99,8.0,462,31.0,856891,863.0,11482,108.0,1744,45.0,85,11.0,<LOD,1.0,21,5.0,52,8.0,<LOD,3.0,<LOD,2.0,199,10.0,937,37.0,<LOD,6.0,975,44.0,519,53.0,<LOD,4406.0,<LOD,7729.0,<LOD,9865.0,<LOD,15449.0,<LOD,20655.0,<LOD,27.0,<LOD,4.0,<LOD,10.0,1412,37.0,2700,162.0,<LOD,16.0,<LOD,3.0,<LOD,0.0
5_m03,<LOD,34308.0,23976,912.0,44170,404.0,568,58.0,3024,83.0,20820,144.0,28662,194.0,32849,110.0,11014,340.0,<LOD,152.0,65.0,30.0,215,29.0,2821,54.0,80,9.0,436,33.0,800426,971.0,16093,121.0,1974,49.0,41,11.0,<LOD,2.0,22,6.0,29,9.0,<LOD,3.0,<LOD,2.0,175,10.0,754,34.0,<LOD,7.0,1875,52.0,362,56.0,2547,95.0,1289,126.0,<LOD,9123.0,<LOD,13545.0,1059,287.0,<LOD,32.0,<LOD,5.0,<LOD,11.0,1630,41.0,2943,141.0,<LOD,15.0,<LOD,3.0,<LOD,0.0
5_m04,<LOD,35780.0,34210,818.0,82045,453.0,3656,74.0,11933,93.0,29811,142.0,16651,164.0,6252,48.0,<LOD,1267.0,<LOD,88.0,57.0,26.0,236,25.0,2278,45.0,94,8.0,410,29.0,787652,869.0,15150,108.0,1322,40.0,54,10.0,<LOD,1.0,15,5.0,46,8.0,<LOD,3.0,<LOD,2.0,185,9.0,816,33.0,<LOD,6.0,576,39.0,206,47.0,<LOD,4257.0,<LOD,7492.0,<LOD,9521.0,800,196.0,1640,270.0,<LOD,28.0,<LOD,4.0,<LOD,10.0,1354,35.0,2456,144.0,<LOD,16.0,<LOD,3.0,<LOD,0.0
5_m05,<LOD,39290.0,17023,783.0,39934,354.0,2628,66.0,9200,84.0,33692,145.0,29222,169.0,5737,48.0,<LOD,1286.0,<LOD,85.0,54.0,26.0,233,25.0,1057,39.0,108,8.0,541,31.0,830311,793.0,18136,116.0,1946,52.0,34,11.0,<LOD,1.0,18,5.0,27,9.0,<LOD,3.0,<LOD,2.0,195,10.0,821,35.0,<LOD,6.0,2676,51.0,539,52.0,<LOD,4354.0,<LOD,7386.0,<LOD,9332.0,<LOD,14848.0,<LOD,19766.0,<LOD,30.0,<LOD,5.0,<LOD,10.0,2483,47.0,3278,159.0,<LOD,16.0,<LOD,3.0,<LOD,0.0
5_m06,17551,5532.0,20494,787.0,50641,586.0,1573,60.0,7604,103.0,48327,463.0,27907,301.0,20122,195.0,<LOD,864.0,130,40.0,58.0,25.0,221,25.0,2164,48.0,95,8.0,586,29.0,754735,4465.0,37881,369.0,2310,47.0,27,9.0,<LOD,1.0,17,4.0,37,7.0,<LOD,3.0,<LOD,2.0,209,9.0,910,35.0,<LOD,6.0,882,39.0,261,44.0,<LOD,4364.0,<LOD,7818.0,<LOD,9774.0,702,201.0,976,278.0,<LOD,40.0,<LOD,4.0,<LOD,12.0,1036,31.0,2449,137.0,<LOD,15.0,<LOD,3.0,<LOD,0.0
5_m07,<LOD,37214.0,13294,839.0,47415,378.0,1290,57.0,5111,68.0,8972,95.0,51318,191.0,3225,46.0,<LOD,1058.0,<LOD,84.0,51.0,26.0,116,26.0,1194,40.0,82,8.0,838,33.0,839963,852.0,18199,118.0,2258,43.0,55,10.0,<LOD,1.0,16,5.0,45,8.0,<LOD,3.0,<LOD,2.0,186,10.0,1261,41.0,<LOD,6.0,798,43.0,339,51.0,<LOD,4315.0,<LOD,7586.0,457,137.0,<LOD,15213.0,<LOD,20508.0,<LOD,33.0,<LOD,4.0,<LOD,11.0,728,28.0,2704,159.0,<LOD,16.0,<LOD,3.0,<LOD,0.0
5_m08,<LOD,37320.0,18038,866.0,62959,430.0,823,55.0,2934,63.0,20049,124.0,45606,195.0,895,42.0,<LOD,1082.0,132,42.0,57.0,26.0,246,25.0,704,37.0,104,8.0,846,32.0,791305,877.0,46486,163.0,1296,37.0,33,10.0,<LOD,1.0,<LOD,1.0,49,8.0,<LOD,3.0,<LOD,3.0,227,10.0,552,29.0,<LOD,6.0,2495,52.0,268,52.0,<LOD,4717.0,<LOD,8199.0,<LOD,10518.0,<LOD,15850.0,843,275.0,<LOD,42.0,<LOD,4.0,<LOD,13.0,731,27.0,2217,145.0,<LOD,15.0,<LOD,3.0,<LOD,0.0
5_m09,<LOD,34424.0,<LOD,6386.0,<LOD,4082.0,<LOD,738.0,<LOD,2122.0,<LOD,2933.0,<LOD,4724.0,<LOD,1458.0,877,151.0,<LOD,91.0,94.0,26.0,192,26.0,2063,46.0,107,9.0,965,37.0,932645,359.0,32548,146.0,4558,108.0,48,16.0,<LOD,1.0,25,7.0,<LOD,2.0,<LOD,3.0,<LOD,2.0,243,13.0,775,37.0,<LOD,6.0,9704,96.0,644,71.0,<LOD,3793.0,394,125.0,<LOD,8416.0,<LOD,13597.0,<LOD,18213.0,<LOD,39.0,<LOD,6.0,<LOD,13.0,10533,109.0,3477,201.0,<LOD,15.0,<LOD,3.0,<LOD,1393.0
5_m10,<LOD,63114.0,23867,807.0,58303,426.0,2655,71.0,6253,80.0,11029,111.0,12924,158.0,1786,37.0,<LOD,2397.0,<LOD,85.0,45.0,26.0,163,25.0,3178,50.0,48,8.0,201,30.0,858372,864.0,7469,103.0,3243,62.0,79,12.0,<LOD,1.0,19,6.0,48,10.0,<LOD,3.0,30,10.0,194,10.0,860,36.0,<LOD,6.0,2233,54.0,502,58.0,<LOD,4167.0,<LOD,7097.0,<LOD,8978.0,<LOD,14238.0,<LOD,19158.0,<LOD,25.0,<LOD,5.0,<LOD,9.0,2528,51.0,3923,172.0,<LOD,16.0,<LOD,3.0,<LOD,0.0
5_m11,21772,6400.0,19833,828.0,63044,800.0,406,52.0,2716,69.0,10602,155.0,18517,256.0,<LOD,1680.0,<LOD,2009.0,115,37.0,44.0,25.0,237,23.0,255,33.0,121,7.0,778,34.0,842932,5662.0,11945,169.0,1052,36.0,104,11.0,<LOD,1.0,<LOD,1.0,57,8.0,<LOD,3.0,<LOD,2.0,199,10.0,342,24.0,<LOD,6.0,641,43.0,312,54.0,<LOD,4409.0,<LOD,7593.0,523,128.0,<LOD,15209.0,<LOD,21487.0,<LOD,25.0,61,19.0,<LOD,8.0,583,27.0,2688,167.0,<LOD,16.0,<LOD,3.0,<LOD,0.0
5_m12,<LOD,51762.0,21084,773.0,44019,379.0,1388,59.0,5952,74.0,37847,155.0,10601,154.0,1995,37.0,<LOD,1906.0,<LOD,85.0,50.0,26.0,147,25.0,744,37.0,66,7.0,616,31.0,836685,807.0,30582,136.0,1119,37.0,71,11.0,<LOD,1.0,<LOD,1.0,35,8.0,<LOD,3.0,<LOD,2.0,214,10.0,504,29.0,<LOD,6.0,1986,50.0,191,52.0,<LOD,4817.0,371,110.0,<LOD,10505.0,<LOD,16422.0,<LOD,22439.0,<LOD,30.0,<LOD,4.0,<LOD,10.0,845,30.0,2821,162.0,<LOD,15.0,<LOD,3.0,<LOD,0.0
5_m13,<LOD,44310.0,17461,778.0,44548,360.0,1207,54.0,7566,76.0,17310,113.0,31294,165.0,2033,39.0,<LOD,1559.0,<LOD,80.0,49.0,25.0,252,23.0,660,35.0,99,7.0,2394,43.0,862845,847.0,<LOD,72.0,2063,54.0,53,8.0,<LOD,1.0,20,5.0,36,9.0,<LOD,3.0,90,8.0,165,9.0,690,32.0,<LOD,6.0,329,39.0,1186,56.0,210,63.0,328,107.0,548,135.0,890,214.0,<LOD,21535.0,267,89.0,<LOD,4.0,<LOD,8.0,2847,50.0,2459,163.0,<LOD,16.0,<LOD,3.0,<LOD,0.0
5_m14,<LOD,40841.0,<LOD,7700.0,<LOD,5362.0,<LOD,1007.0,<LOD,1615.0,<LOD,3168.0,<LOD,5502.0,<LOD,1826.0,<LOD,288.0,<LOD,85.0,100.0,26.0,224,25.0,2328,46.0,100,8.0,758,36.0,961719,311.0,14070,125.0,2608,69.0,90,14.0,<LOD,1.0,21,7.0,57,11.0,<LOD,3.0,<LOD,2.0,235,13.0,838,37.0,<LOD,6.0,9243,95.0,398,71.0,<LOD,3616.0,407,126.0,<LOD,8294.0,<LOD,12852.0,<LOD,17521.0,<LOD,28.0,97,30.0,<LOD,10.0,3082,62.0,3526,205.0,<LOD,16.0,<LOD,3.0,<LOD,1429.0
5_m15,21637,5553.0,32510,831.0,93321,950.0,6668,110.0,24807,259.0,27981,294.0,7312,176.0,11635,122.0,565,141.0,137,41.0,51.0,26.0,305,25.0,1780,46.0,91,8.0,2051,45.0,746841,4473.0,<LOD,76.0,4586,105.0,47,10.0,<LOD,2.0,34,5.0,<LOD,3.0,<LOD,3.0,63,8.0,152,9.0,750,32.0,<LOD,7.0,168,37.0,708,52.0,<LOD,4336.0,<LOD,7868.0,<LOD,10048.0,<LOD,15650.0,<LOD,20718.0,602,94.0,<LOD,6.0,<LOD,10.0,13432,159.0,1676,133.0,<LOD,16.0,<LOD,3.0,<LOD,0.0
5_m16,<LOD,37612.0,<LOD,7135.0,<LOD,4541.0,<LOD,932.0,<LOD,1822.0,<LOD,2536.0,<LOD,5591.0,<LOD,1528.0,<LOD,295.0,<LOD,87.0,99.0,26.0,219,24.0,832,38.0,108,8.0,847,36.0,944839,297.0,30706,143.0,2811,84.0,42,14.0,<LOD,1.0,<LOD,1.0,<LOD,2.0,<LOD,3.0,<LOD,2.0,252,13.0,890,39.0,<LOD,6.0,8328,91.0,582,71.0,<LOD,4416.0,<LOD,7876.0,<LOD,9977.0,<LOD,15466.0,<LOD,20852.0,<LOD,36.0,122,34.0,<LOD,12.0,6073,84.0,3142,204.0,<LOD,15.0,<LOD,3.0,<LOD,1357.0
5_m17,<LOD,42546.0,22747,781.0,63414,419.0,5391,84.0,7138,82.0,25969,136.0,18781,161.0,5299,46.0,<LOD,1547.0,<LOD,83.0,52.0,26.0,207,24.0,5832,60.0,61,9.0,378,31.0,835830,822.0,378,87.0,1756,43.0,85,10.0,<LOD,1.0,28,5.0,38,8.0,<LOD,3.0,69,8.0,169,9.0,730,32.0,<LOD,6.0,430,40.0,263,51.0,<LOD,3999.0,<LOD,6763.0,<LOD,8705.0,<LOD,14148.0,<LOD,18597.0,<LOD,21.0,87,20.0,<LOD,8.0,1258,35.0,3549,159.0,<LOD,16.0,<LOD,3.0,<LOD,0.0
5_m18,<LOD,31806.0,24358,872.0,40845,348.0,533,48.0,4480,64.0,14973,105.0,58760,200.0,4010,49.0,<LOD,912.0,<LOD,81.0,43.0,25.0,165,25.0,888,38.0,80,8.0,566,31.0,826325,861.0,14677,109.0,1634,43.0,48,10.0,<LOD,1.0,15,5.0,38,8.0,<LOD,3.0,<LOD,2.0,181,9.0,1001,38.0,<LOD,6.0,1135,42.0,620,51.0,<LOD,4202.0,<LOD,7295.0,420,136.0,<LOD,14339.0,<LOD,19249.0,<LOD,28.0,<LOD,4.0,<LOD,9.0,1446,36.0,2680,155.0,<LOD,16.0,<LOD,3.0,<LOD,0.0
5_m19,<LOD,42293.0,19789,786.0,40749,362.0,3295,72.0,5826,76.0,44944,166.0,19946,166.0,4148,44.0,<LOD,1522.0,<LOD,83.0,52.0,26.0,221,24.0,1933,43.0,106,8.0,491,30.0,824849,798.0,21546,122.0,3131,55.0,52,11.0,<LOD,1.0,27,5.0,29,8.0,<LOD,3.0,<LOD,2.0,205,10.0,912,36.0,<LOD,6.0,2423,52.0,553,54.0,<LOD,4392.0,<LOD,7747.0,<LOD,9707.0,<LOD,15454.0,<LOD,20471.0,<LOD,31.0,<LOD,5.0,<LOD,10.0,1858,42.0,2809,158.0,<LOD,16.0,<LOD,3.0,<LOD,0.0
5_m20,<LOD,59811.0,20146,779.0,43989,381.0,630,54.0,6910,80.0,18172,122.0,13578,154.0,3865,42.0,<LOD,2310.0,<LOD,84.0,39.0,25.0,265,23.0,743,36.0,114,7.0,159,30.0,878964,898.0,430,91.0,598,50.0,87,12.0,<LOD,1.0,20,5.0,<LOD,2.0,<LOD,3.0,92,9.0,182,10.0,2768,60.0,<LOD,6.0,346,46.0,417,55.0,<LOD,4140.0,<LOD,7397.0,<LOD,9401.0,708,221.0,1283,296.0,<LOD,21.0,131,21.0,<LOD,8.0,3198,55.0,2054,172.0,<LOD,16.0,<LOD,3.0,<LOD,0.0
5_m21,<LOD,45292.0,10626,816.0,31244,323.0,175,46.0,2460,58.0,5836,87.0,46728,182.0,1470,41.0,<LOD,1277.0,<LOD,84.0,36.0,25.0,193,23.0,260,33.0,119,7.0,422,32.0,889346,864.0,<LOD,73.0,2573,43.0,55,8.0,<LOD,1.0,26,5.0,63,7.0,<LOD,3.0,96,9.0,200,10.0,1418,44.0,<LOD,6.0,421,43.0,2722,70.0,<LOD,3931.0,<LOD,6973.0,<LOD,8809.0,831,226.0,<LOD,18707.0,<LOD,20.0,105,22.0,<LOD,7.0,236,18.0,2219,171.0,<LOD,16.0,<LOD,3.0,<LOD,0.0
5_m22,<LOD,39379.0,30532,817.0,67782,437.0,10593,110.0,10617,96.0,20377,132.0,14634,166.0,13519,64.0,<LOD,1500.0,131,43.0,43.0,26.0,515,29.0,4355,56.0,136,9.0,699,33.0,811274,845.0,1162,88.0,958,57.0,37,9.0,<LOD,1.0,29,6.0,33,10.0,<LOD,3.0,79,8.0,159,9.0,1047,37.0,<LOD,7.0,206,40.0,4268,77.0,<LOD,4234.0,<LOD,7371.0,<LOD,9402.0,<LOD,14779.0,<LOD,20414.0,<LOD,23.0,86,20.0,<LOD,9.0,4631,63.0,1963,146.0,<LOD,16.0,<LOD,3.0,<LOD,0.0
5_m23,<LOD,45093.0,10043,833.0,32762,325.0,819,52.0,11049,89.0,4341,89.0,57084,198.0,698,42.0,<LOD,1128.0,<LOD,81.0,53.0,27.0,234,24.0,439,35.0,123,7.0,200,30.0,870439,863.0,<LOD,74.0,<LOD,11.0,73,10.0,<LOD,1.0,23,5.0,65,10.0,<LOD,3.0,84,8.0,171,9.0,2445,57.0,<LOD,6.0,273,42.0,427,52.0,<LOD,4643.0,<LOD,7786.0,<LOD,10125.0,719,216.0,<LOD,21178.0,<LOD,21.0,150,20.0,<LOD,8.0,4838,65.0,2327,162.0,<LOD,16.0,<LOD,3.0,<LOD,0.0
5_m24,<LOD,30449.0,15382,789.0,35443,322.0,324,45.0,9223,82.0,42880,156.0,45271,183.0,4339,47.0,<LOD,900.0,<LOD,83.0,51.0,26.0,196,24.0,439,35.0,118,7.0,942,34.0,832457,806.0,2382,89.0,1595,39.0,49,8.0,<LOD,1.0,16,4.0,48,7.0,<LOD,3.0,100,8.0,171,9.0,672,31.0,<LOD,6.0,271,37.0,3558,69.0,<LOD,3969.0,<LOD,6800.0,<LOD,8855.0,751,218.0,<LOD,18568.0,<LOD,26.0,114,19.0,<LOD,9.0,1002,30.0,2086,149.0,<LOD,16.0,<LOD,3.0,<LOD,0.0
5_m25,<LOD,36294.0,16058,823.0,65314,418.0,692,51.0,3494,62.0,7966,92.0,48134,188.0,2598,44.0,<LOD,1058.0,<LOD,81.0,52.0,26.0,224,25.0,304,34.0,114,7.0,268,30.0,844995,851.0,<LOD,74.0,1276,36.0,73,9.0,<LOD,1.0,22,4.0,55,7.0,<LOD,3.0,75,8.0,173,9.0,1330,42.0,<LOD,6.0,411,40.0,2649,66.0,<LOD,4220.0,<LOD,7501.0,<LOD,9548.0,<LOD,15236.0,<LOD,20251.0,295,84.0,<LOD,4.0,<LOD,8.0,725,27.0,2587,153.0,<LOD,16.0,<LOD,3.0,<LOD,0.0
5_m26,<LOD,35765.0,18281,692.0,98913,472.0,2688,69.0,31308,138.0,33563,154.0,1196,151.0,9576,54.0,<LOD,1319.0,<LOD,88.0,55.0,26.0,330,26.0,1037,39.0,96,7.0,310,29.0,784148,759.0,696,84.0,2409,79.0,50,9.0,<LOD,1.0,17,5.0,<LOD,2.0,<LOD,3.0,91,8.0,166,9.0,414,26.0,<LOD,7.0,166,37.0,2870,67.0,<LOD,4089.0,368,105.0,<LOD,9187.0,<LOD,14542.0,<LOD,19270.0,<LOD,23.0,<LOD,5.0,<LOD,9.0,9073,85.0,2084,139.0,<LOD,16.0,<LOD,3.0,<LOD,0.0
5_m27,<LOD,47241.0,24204,760.0,45774,376.0,5685,85.0,42865,160.0,14847,124.0,6727,154.0,2477,38.0,<LOD,1803.0,<LOD,82.0,47.0,25.0,215,24.0,622,35.0,106,7.0,1750,39.0,842134,858.0,<LOD,73.0,1067,58.0,59,9.0,<LOD,1.0,23,5.0,31,9.0,<LOD,3.0,80,8.0,177,9.0,705,32.0,<LOD,6.0,240,39.0,852,56.0,195,64.0,<LOD,7558.0,<LOD,9607.0,635,210.0,1231,294.0,302,87.0,<LOD,4.0,<LOD,8.0,4499,62.0,2346,158.0,<LOD,16.0,<LOD,3.0,<LOD,0.0
5_m28,<LOD,33916.0,53002,835.0,129077,520.0,9983,107.0,6891,83.0,14403,119.0,4234,161.0,8606,52.0,<LOD,1373.0,<LOD,89.0,51.0,25.0,218,23.0,1807,42.0,85,7.0,371,29.0,758061,886.0,393,80.0,1528,51.0,32,8.0,<LOD,1.0,20,5.0,39,8.0,<LOD,3.0,64,7.0,134,9.0,581,28.0,<LOD,7.0,172,35.0,3223,66.0,<LOD,3865.0,<LOD,6864.0,468,127.0,<LOD,13752.0,895,277.0,<LOD,21.0,<LOD,4.0,<LOD,8.0,3464,52.0,2113,134.0,<LOD,16.0,<LOD,3.0,<LOD,0.0
5_m29,<LOD,41689.0,9059,868.0,31857,336.0,234,48.0,2720,61.0,4602,87.0,58754,203.0,315,42.0,<LOD,1146.0,142,40.0,49.0,27.0,257,25.0,378,35.0,110,7.0,273,31.0,884505,886.0,430,92.0,<LOD,5.0,90,9.0,<LOD,1.0,25,5.0,58,8.0,<LOD,3.0,99,9.0,198,10.0,2146,53.0,<LOD,6.0,487,45.0,301,54.0,<LOD,4670.0,<LOD,8261.0,<LOD,10467.0,<LOD,16584.0,<LOD,22501.0,<LOD,20.0,130,17.0,<LOD,7.0,609,26.0,2062,166.0,<LOD,16.0,<LOD,3.0,<LOD,0.0
5_m30,23270,6487.0,15697,843.0,32260,493.0,221,49.0,2552,68.0,2510,89.0,32716,400.0,1350,42.0,<LOD,1774.0,<LOD,83.0,41.0,25.0,227,24.0,847,38.0,109,7.0,655,33.0,858736,5833.0,16928,222.0,2382,60.0,61,11.0,<LOD,1.0,28,6.0,68,9.0,<LOD,3.0,<LOD,2.0,178,11.0,780,34.0,<LOD,7.0,1701,54.0,673,60.0,<LOD,4417.0,<LOD,7638.0,<LOD,9800.0,728,222.0,<LOD,20764.0,<LOD,29.0,<LOD,4.0,<LOD,10.0,2048,51.0,3128,171.0,<LOD,16.0,<LOD,3.0,<LOD,0.0
5_m31,<LOD,34501.0,10764,857.0,32080,324.0,930,52.0,3197,60.0,6906,88.0,66089,206.0,<LOD,1368.0,<LOD,950.0,<LOD,81.0,50.0,26.0,87,26.0,233,35.0,72,7.0,1362,38.0,871778,878.0,<LOD,74.0,561,37.0,64,9.0,<LOD,1.0,23,5.0,55,8.0,<LOD,3.0,85,8.0,182,9.0,416,27.0,<LOD,6.0,164,39.0,192,50.0,<LOD,4853.0,<LOD,8386.0,<LOD,10437.0,749,212.0,<LOD,22708.0,<LOD,19.0,90,17.0,<LOD,7.0,1563,38.0,2237,163.0,<LOD,16.0,<LOD,3.0,<LOD,0.0
5_m32,<LOD,49255.0,27782,799.0,53779,405.0,7206,96.0,6939,85.0,31213,150.0,7573,159.0,6296,48.0,<LOD,1860.0,<LOD,87.0,42.0,25.0,186,24.0,683,36.0,103,7.0,1392,38.0,845736,842.0,<LOD,75.0,1547,58.0,57,10.0,<LOD,1.0,20,5.0,40,10.0,<LOD,3.0,77,8.0,192,10.0,1041,38.0,<LOD,6.0,268,41.0,1042,59.0,209,63.0,<LOD,7692.0,<LOD,10091.0,<LOD,16007.0,<LOD,21344.0,<LOD,22.0,86,21.0,<LOD,9.0,3919,60.0,2470,160.0,<LOD,16.0,<LOD,3.0,<LOD,0.0
5_m33,25626,5470.0,16029,813.0,46075,555.0,3237,75.0,16259,180.0,13288,162.0,45415,451.0,7304,86.0,<LOD,959.0,<LOD,83.0,66.0,27.0,109,26.0,1301,42.0,60,8.0,801,32.0,789530,4612.0,22946,242.0,1957,55.0,<LOD,2.0,<LOD,1.0,<LOD,1.0,40,8.0,<LOD,3.0,<LOD,2.0,180,9.0,607,30.0,<LOD,6.0,3602,60.0,425,48.0,<LOD,4384.0,<LOD,7879.0,<LOD,9881.0,<LOD,15791.0,<LOD,21128.0,<LOD,32.0,<LOD,4.0,<LOD,10.0,2777,54.0,2308,145.0,<LOD,16.0,<LOD,3.0,<LOD,0.0
5_m34,<LOD,33549.0,14885,744.0,37586,335.0,1788,58.0,6175,71.0,62346,182.0,27856,166.0,2204,40.0,<LOD,1077.0,<LOD,82.0,64.0,27.0,201,24.0,496,35.0,98,7.0,2990,46.0,833835,759.0,<LOD,73.0,2098,55.0,35,8.0,<LOD,1.0,20,4.0,33,9.0,<LOD,3.0,71,8.0,162,9.0,680,31.0,<LOD,6.0,204,37.0,578,51.0,<LOD,4856.0,<LOD,8525.0,<LOD,10762.0,<LOD,16680.0,<LOD,22577.0,270,89.0,76,21.0,<LOD,8.0,3243,52.0,1910,153.0,<LOD,16.0,<LOD,3.0,<LOD,0.0
5_m35,<LOD,48138.0,17815,720.0,39347,358.0,9282,102.0,4786,76.0,78190,211.0,1488,153.0,4386,42.0,<LOD,1537.0,<LOD,83.0,37.0,25.0,258,24.0,392,34.0,127,7.0,725,33.0,832293,765.0,293,87.0,3456,52.0,51,9.0,<LOD,1.0,17,5.0,33,8.0,<LOD,3.0,94,8.0,181,9.0,643,30.0,<LOD,6.0,254,39.0,2295,66.0,<LOD,4387.0,<LOD,7703.0,521,135.0,<LOD,15017.0,<LOD,20544.0,<LOD,22.0,<LOD,5.0,<LOD,8.0,1203,33.0,1709,154.0,<LOD,16.0,<LOD,3.0,<LOD,0.0
5_m36,<LOD,34055.0,15576,809.0,53539,384.0,1306,57.0,3310,63.0,8138,93.0,47012,183.0,12466,63.0,<LOD,1000.0,<LOD,88.0,56.0,27.0,237,26.0,470,35.0,107,7.0,1289,37.0,843089,845.0,<LOD,74.0,5534,62.0,58,9.0,<LOD,1.0,27,5.0,56,8.0,<LOD,3.0,97,8.0,185,9.0,1164,40.0,<LOD,6.0,247,39.0,1305,57.0,<LOD,4287.0,<LOD,7442.0,<LOD,9205.0,736,213.0,<LOD,19820.0,374,96.0,<LOD,5.0,<LOD,9.0,1289,34.0,2228,154.0,<LOD,16.0,<LOD,3.0,<LOD,0.0
5_m37,<LOD,41806.0,36580,814.0,71050,435.0,2333,65.0,6453,77.0,32957,148.0,10420,159.0,4709,44.0,<LOD,1609.0,128,40.0,47.0,25.0,145,25.0,1421,41.0,83,8.0,1199,36.0,822558,850.0,<LOD,74.0,1571,56.0,50,9.0,<LOD,1.0,<LOD,1.0,<LOD,2.0,<LOD,3.0,83,8.0,170,9.0,707,32.0,<LOD,6.0,241,38.0,722,53.0,<LOD,4502.0,<LOD,7755.0,<LOD,9818.0,<LOD,15260.0,<LOD,20509.0,292,88.0,<LOD,4.0,<LOD,9.0,3778,57.0,2217,152.0,<LOD,16.0,<LOD,3.0,<LOD,0.0
5_m38,21026,5590.0,13160,878.0,38805,502.0,318,47.0,3873,72.0,4229,92.0,65525,643.0,552,43.0,<LOD,938.0,<LOD,85.0,62.0,27.0,196,24.0,267,34.0,110,7.0,2965,55.0,839024,4942.0,<LOD,74.0,2930,65.0,68,9.0,<LOD,1.0,15,5.0,44,9.0,<LOD,3.0,67,8.0,139,9.0,518,29.0,<LOD,6.0,219,38.0,648,53.0,<LOD,4801.0,<LOD,8486.0,<LOD,11098.0,<LOD,17143.0,<LOD,23041.0,<LOD,21.0,92,23.0,<LOD,8.0,2887,57.0,2150,155.0,<LOD,16.0,<LOD,3.0,<LOD,0.0
5_m39,<LOD,32646.0,16008,701.0,38221,335.0,2464,62.0,7849,78.0,89543,220.0,10524,156.0,4634,44.0,<LOD,1201.0,<LOD,80.0,49.0,26.0,310,24.0,529,35.0,112,7.0,718,33.0,816362,766.0,<LOD,74.0,787,52.0,32,9.0,<LOD,1.0,<LOD,1.0,29,9.0,<LOD,3.0,84,8.0,180,9.0,626,31.0,<LOD,6.0,158,37.0,2933,66.0,<LOD,4222.0,<LOD,7300.0,531,138.0,<LOD,14453.0,1039,293.0,<LOD,20.0,67,18.0,<LOD,8.0,3976,57.0,2125,147.0,<LOD,16.0,<LOD,3.0,<LOD,0.0
5_m40,<LOD,38670.0,12446,868.0,34670,339.0,807,53.0,4878,70.0,4522,88.0,61198,205.0,2841,48.0,<LOD,1022.0,<LOD,82.0,57.0,27.0,140,26.0,666,38.0,77,8.0,1077,35.0,843296,859.0,21157,124.0,3246,57.0,101,13.0,<LOD,1.0,<LOD,1.0,44,9.0,<LOD,3.0,<LOD,2.0,190,10.0,2602,58.0,<LOD,6.0,967,46.0,442,53.0,<LOD,4628.0,<LOD,8328.0,<LOD,10475.0,<LOD,16547.0,<LOD,21540.0,<LOD,33.0,<LOD,5.0,<LOD,11.0,1978,44.0,2521,159.0,<LOD,16.0,<LOD,3.0,<LOD,0.0
5_m41,19541,5936.0,17440,775.0,53040,655.0,1267,58.0,5016,87.0,23399,267.0,20556,260.0,2599,47.0,<LOD,1758.0,140,41.0,45.0,25.0,201,24.0,677,37.0,101,7.0,412,31.0,841317,5230.0,<LOD,74.0,873,59.0,43,10.0,<LOD,1.0,18,5.0,35,10.0,<LOD,3.0,75,8.0,175,10.0,1083,39.0,<LOD,6.0,437,42.0,4353,90.0,<LOD,3845.0,<LOD,6971.0,<LOD,8831.0,<LOD,13904.0,<LOD,18250.0,<LOD,20.0,69,19.0,<LOD,8.0,4643,79.0,2341,159.0,<LOD,16.0,<LOD,3.0,<LOD,0.0
5_m42,<LOD,72604.0,19402,771.0,42693,378.0,580,54.0,5492,75.0,11839,109.0,11543,152.0,2660,39.0,<LOD,2830.0,<LOD,84.0,39.0,25.0,182,23.0,585,35.0,97,7.0,<LOD,31.0,895968,841.0,385,93.0,477,42.0,111,11.0,<LOD,1.0,24,5.0,50,9.0,<LOD,3.0,99,9.0,208,11.0,2163,54.0,<LOD,6.0,232,46.0,221,57.0,<LOD,4951.0,<LOD,8591.0,<LOD,10982.0,<LOD,17276.0,<LOD,22915.0,<LOD,20.0,117,20.0,<LOD,8.0,1977,45.0,2760,175.0,<LOD,16.0,<LOD,3.0,<LOD,0.0
5_m43,<LOD,43044.0,46392,856.0,84325,465.0,2300,66.0,11351,94.0,15340,119.0,10124,164.0,3181,41.0,<LOD,1731.0,<LOD,85.0,48.0,25.0,128,25.0,2040,44.0,68,8.0,1435,38.0,810457,885.0,<LOD,75.0,1528,65.0,50,9.0,<LOD,1.0,19,5.0,<LOD,2.0,<LOD,3.0,70,8.0,151,9.0,759,33.0,<LOD,6.0,388,39.0,1842,61.0,<LOD,4257.0,<LOD,7570.0,<LOD,9501.0,<LOD,14886.0,<LOD,19602.0,<LOD,21.0,<LOD,4.0,<LOD,9.0,5810,70.0,2122,150.0,<LOD,16.0,<LOD,3.0,<LOD,0.0
5_m44,<LOD,36540.0,14570,791.0,50132,379.0,1289,55.0,3386,63.0,26457,129.0,42036,180.0,2525,43.0,<LOD,1094.0,<LOD,84.0,54.0,26.0,264,24.0,254,34.0,126,7.0,713,33.0,846025,848.0,<LOD,74.0,2505,41.0,57,8.0,<LOD,1.0,16,5.0,48,7.0,<LOD,3.0,69,8.0,145,9.0,1750,48.0,<LOD,6.0,665,42.0,3214,70.0,<LOD,4053.0,<LOD,7158.0,<LOD,8881.0,<LOD,14218.0,894,294.0,<LOD,20.0,72,20.0,<LOD,8.0,331,19.0,2278,154.0,<LOD,16.0,<LOD,3.0,<LOD,0.0
5_m45,<LOD,43575.0,26918,800.0,59860,409.0,1333,58.0,4332,69.0,18102,118.0,21030,161.0,7456,50.0,<LOD,1634.0,124,39.0,50.0,26.0,205,25.0,919,37.0,90,7.0,1264,37.0,848745,846.0,<LOD,74.0,2011,49.0,40,8.0,<LOD,1.0,19,5.0,27,8.0,<LOD,3.0,99,9.0,171,9.0,775,34.0,<LOD,6.0,332,40.0,1466,60.0,<LOD,4838.0,<LOD,8451.0,432,136.0,<LOD,17049.0,<LOD,22755.0,<LOD,20.0,94,21.0,<LOD,8.0,1958,42.0,2058,160.0,<LOD,16.0,<LOD,3.0,<LOD,0.0
5_m46,<LOD,37331.0,13613,743.0,37481,340.0,495,48.0,4876,68.0,57836,178.0,26192,165.0,2026,40.0,<LOD,1223.0,121,39.0,56.0,27.0,259,24.0,678,36.0,112,7.0,126,29.0,847668,806.0,<LOD,74.0,266,37.0,49,10.0,<LOD,1.0,21,4.0,51,8.0,<LOD,3.0,91,8.0,186,9.0,1694,47.0,<LOD,6.0,639,41.0,344,49.0,<LOD,4789.0,<LOD,8630.0,<LOD,10936.0,<LOD,17119.0,934,297.0,<LOD,20.0,118,17.0,<LOD,8.0,1937,41.0,2020,156.0,<LOD,16.0,<LOD,3.0,<LOD,0.0
5_m47,<LOD,38670.0,12446,868.0,34670,339.0,807,53.0,4878,70.0,4522,88.0,61198,205.0,2841,48.0,<LOD,1022.0,<LOD,82.0,57.0,27.0,140,26.0,666,38.0,77,8.0,1077,35.0,843296,859.0,21157,124.0,3246,57.0,101,13.0,<LOD,1.0,<LOD,1.0,44,9.0,<LOD,3.0,<LOD,2.0,190,10.0,2602,58.0,<LOD,6.0,967,46.0,442,53.0,<LOD,4628.0,<LOD,8328.0,<LOD,10475.0,<LOD,16547.0,<LOD,21540.0,<LOD,33.0,<LOD,5.0,<LOD,11.0,1978,44.0,2521,159.0,<LOD,16.0,<LOD,3.0,<LOD,0.0
6_m01,<LOD,41249.0,10020,917.0,33290,338.0,1852,62.0,3922,64.0,27884,133.0,56491,199.0,268,40.0,<LOD,1051.0,<LOD,83.0,41,25.0,249,24.0,311,34.0,110,7.0,208,29.0,853925,921.0,<LOD,74.0,3041,58.0,63,9.0,<LOD,1.0,16,5.0,29,8.0,<LOD,3.0,80,8.0,170,9.0,1004,38.0,<LOD,6.0,237,39.0,194,49.0,<LOD,4103.0,468,109.0,<LOD,9294.0,734,212.0,<LOD,19799.0,<LOD,21.0,<LOD,5.0,<LOD,7.0,2659,48.0,2623,160.0,<LOD,16.0,<LOD,3.0,<LOD,0.0
6_m02,21437,6736.0,12066,859.0,32359,501.0,<LOD,702.0,42354,502.0,7932,136.0,35534,437.0,1649,44.0,<LOD,1124.0,<LOD,81.0,52,26.0,209,24.0,420,35.0,87,7.0,136,28.0,827798,5864.0,410,85.0,4585,93.0,69,10.0,<LOD,1.0,24,5.0,<LOD,2.0,<LOD,3.0,80,8.0,169,9.0,1002,38.0,<LOD,6.0,347,39.0,192,48.0,<LOD,4532.0,<LOD,7781.0,<LOD,9875.0,892,212.0,1016,289.0,<LOD,22.0,<LOD,6.0,<LOD,8.0,6175,100.0,2922,161.0,<LOD,16.0,<LOD,3.0,<LOD,0.0
6_m03,<LOD,63517.0,12400,926.0,31930,356.0,<LOD,941.0,2511,62.0,2919,85.0,39823,183.0,1021,40.0,<LOD,1516.0,138,39.0,35,25.0,229,23.0,266,33.0,104,7.0,539,33.0,898989,991.0,390,93.0,2273,42.0,118,11.0,<LOD,1.0,25,5.0,61,8.0,<LOD,3.0,102,9.0,200,10.0,830,35.0,<LOD,6.0,269,44.0,261,57.0,<LOD,4414.0,<LOD,7779.0,<LOD,9936.0,<LOD,15423.0,1465,302.0,<LOD,20.0,66,21.0,<LOD,7.0,212,19.0,2721,178.0,<LOD,16.0,<LOD,3.0,<LOD,0.0
6_m04,24208,6412.0,17519,939.0,49929,664.0,145,47.0,8179,119.0,8707,134.0,52591,596.0,628,40.0,<LOD,987.0,123,40.0,57,26.0,203,25.0,535,36.0,97,7.0,498,31.0,825795,5599.0,<LOD,74.0,2484,56.0,71,10.0,<LOD,1.0,15,5.0,39,8.0,<LOD,3.0,92,8.0,173,9.0,1084,39.0,<LOD,6.0,254,37.0,229,47.0,<LOD,4680.0,381,105.0,<LOD,10795.0,<LOD,16803.0,<LOD,22166.0,<LOD,21.0,89,21.0,<LOD,8.0,1580,42.0,4198,165.0,<LOD,16.0,<LOD,3.0,<LOD,0.0
6_m05,<LOD,39750.0,18165,806.0,38511,370.0,1234,60.0,5208,74.0,98824,245.0,4339,158.0,4916,46.0,<LOD,1218.0,127,40.0,46,26.0,271,25.0,749,37.0,101,7.0,290,29.0,811178,839.0,8127,100.0,1478,37.0,108,11.0,<LOD,1.0,<LOD,1.0,42,7.0,<LOD,3.0,<LOD,2.0,169,9.0,1058,37.0,<LOD,6.0,493,41.0,180,50.0,<LOD,4832.0,<LOD,8284.0,<LOD,10466.0,<LOD,15748.0,1135,279.0,<LOD,24.0,<LOD,4.0,<LOD,9.0,705,27.0,2447,149.0,<LOD,16.0,<LOD,3.0,<LOD,0.0
6_m06,<LOD,41112.0,17216,758.0,30296,337.0,42642,200.0,61038,204.0,<LOD,1927.0,18681,172.0,<LOD,1065.0,<LOD,1042.0,<LOD,82.0,81,29.0,145,26.0,810,40.0,96,8.0,276,31.0,742555,960.0,11178,106.0,1272,36.0,<LOD,8.0,<LOD,5.0,<LOD,2.0,67,8.0,<LOD,3.0,185,9.0,187,11.0,1028,39.0,<LOD,6.0,915,41.0,497,49.0,<LOD,4372.0,<LOD,7699.0,<LOD,9713.0,711,212.0,979,287.0,35236,715.0,31203,186.0,<LOD,62.0,736,28.0,1873,132.0,<LOD,15.0,<LOD,11.0,<LOD,0.0
6_m07,<LOD,41548.0,<LOD,7695.0,<LOD,4415.0,<LOD,728.0,<LOD,1547.0,<LOD,2426.0,<LOD,5497.0,<LOD,1687.0,<LOD,285.0,<LOD,84.0,108,27.0,242,25.0,861,39.0,114,8.0,588,35.0,944143,441.0,20314,133.0,1149,63.0,53,13.0,<LOD,1.0,25,6.0,76,12.0,<LOD,3.0,<LOD,2.0,273,13.0,594,32.0,<LOD,6.0,22648,133.0,733,75.0,<LOD,3035.0,<LOD,5266.0,<LOD,6621.0,<LOD,10075.0,1107,351.0,<LOD,30.0,<LOD,4.0,<LOD,10.0,3707,66.0,3152,193.0,<LOD,15.0,<LOD,3.0,<LOD,1404.0
6_m08,<LOD,39452.0,<LOD,8186.0,<LOD,4175.0,<LOD,708.0,<LOD,1108.0,<LOD,1739.0,<LOD,5868.0,<LOD,1519.0,<LOD,290.0,<LOD,86.0,111,27.0,210,25.0,762,38.0,95,7.0,396,33.0,952261,371.0,17861,128.0,4166,60.0,45,12.0,<LOD,1.0,26,6.0,68,9.0,<LOD,3.0,<LOD,2.0,252,12.0,307,28.0,<LOD,6.0,19204,122.0,308,68.0,<LOD,3397.0,<LOD,5869.0,<LOD,7358.0,820,256.0,<LOD,15426.0,<LOD,28.0,<LOD,5.0,<LOD,10.0,380,24.0,2630,198.0,<LOD,15.0,<LOD,3.0,<LOD,1335.0
6_m09,<LOD,42497.0,<LOD,8789.0,<LOD,4465.0,<LOD,746.0,<LOD,1262.0,<LOD,1978.0,<LOD,6095.0,<LOD,1582.0,<LOD,302.0,<LOD,89.0,92,27.0,215,25.0,777,39.0,102,8.0,696,36.0,953462,442.0,14481,126.0,1244,72.0,60,14.0,<LOD,1.0,<LOD,1.0,85,13.0,<LOD,3.0,<LOD,2.0,252,12.0,684,35.0,<LOD,7.0,17890,122.0,774,76.0,<LOD,3281.0,<LOD,5881.0,<LOD,7564.0,<LOD,11815.0,1116,346.0,<LOD,28.0,<LOD,4.0,<LOD,10.0,5137,78.0,2830,200.0,<LOD,15.0,<LOD,3.0,<LOD,1408.0
6_m10,<LOD,38360.0,<LOD,7430.0,<LOD,4391.0,<LOD,695.0,<LOD,1296.0,<LOD,2384.0,<LOD,5245.0,<LOD,1580.0,<LOD,300.0,<LOD,86.0,129,29.0,144,27.0,1234,43.0,84,8.0,782,36.0,937561,309.0,20483,132.0,2771,96.0,<LOD,2.0,<LOD,1.0,<LOD,1.0,69,15.0,<LOD,3.0,42,13.0,250,13.0,1076,43.0,<LOD,6.0,20873,128.0,1246,78.0,<LOD,3045.0,<LOD,5273.0,<LOD,6845.0,<LOD,10654.0,<LOD,14340.0,<LOD,32.0,110,33.0,<LOD,11.0,9329,102.0,3733,196.0,<LOD,15.0,<LOD,3.0,<LOD,1406.0
6_m11,<LOD,38701.0,<LOD,7264.0,<LOD,4237.0,<LOD,666.0,<LOD,1387.0,<LOD,2600.0,<LOD,5269.0,<LOD,1581.0,<LOD,296.0,<LOD,84.0,119,28.0,157,26.0,1119,41.0,100,8.0,752,36.0,938161,346.0,20760,132.0,2865,96.0,55,15.0,<LOD,1.0,31,7.0,89,15.0,<LOD,3.0,<LOD,2.0,248,13.0,1160,43.0,<LOD,6.0,19765,125.0,1553,77.0,<LOD,3287.0,<LOD,5831.0,524,171.0,<LOD,11432.0,<LOD,15496.0,<LOD,32.0,<LOD,5.0,<LOD,11.0,9087,100.0,3356,198.0,<LOD,15.0,<LOD,3.0,<LOD,1375.0
6_m12,<LOD,38048.0,<LOD,7093.0,<LOD,4489.0,<LOD,680.0,<LOD,1650.0,<LOD,2937.0,<LOD,4848.0,<LOD,1611.0,<LOD,298.0,<LOD,86.0,105,28.0,266,26.0,1274,42.0,102,8.0,876,37.0,943832,399.0,15205,125.0,2206,93.0,70,14.0,<LOD,1.0,27,7.0,49,14.0,<LOD,3.0,<LOD,2.0,229,13.0,882,38.0,<LOD,6.0,20837,128.0,996,75.0,<LOD,3285.0,<LOD,5962.0,<LOD,7454.0,941,271.0,<LOD,15763.0,<LOD,29.0,136,32.0,<LOD,10.0,8849,99.0,3016,198.0,<LOD,15.0,<LOD,3.0,<LOD,1384.0
6_m13,<LOD,43065.0,<LOD,6903.0,<LOD,4644.0,<LOD,1026.0,<LOD,2457.0,<LOD,3814.0,<LOD,4508.0,<LOD,1825.0,<LOD,298.0,<LOD,83.0,97,27.0,283,26.0,1454,43.0,110,8.0,633,36.0,934837,520.0,19631,132.0,4053,90.0,75,16.0,<LOD,1.0,23,7.0,<LOD,2.0,<LOD,3.0,52,13.0,242,13.0,1195,44.0,<LOD,7.0,22345,133.0,1397,79.0,<LOD,2900.0,<LOD,4922.0,<LOD,6231.0,1092,264.0,1469,366.0,<LOD,32.0,<LOD,5.0,<LOD,11.0,6437,86.0,4465,198.0,<LOD,15.0,<LOD,3.0,<LOD,1441.0
6_m14,<LOD,36017.0,<LOD,6815.0,<LOD,4193.0,<LOD,719.0,<LOD,1266.0,<LOD,2664.0,<LOD,4902.0,<LOD,1550.0,<LOD,295.0,<LOD,88.0,122,28.0,165,27.0,937,40.0,81,8.0,718,36.0,948212,299.0,17146,128.0,1884,85.0,<LOD,2.0,<LOD,1.0,27,7.0,93,14.0,<LOD,3.0,40,13.0,263,12.0,786,37.0,<LOD,6.0,17826,119.0,845,72.0,<LOD,3368.0,<LOD,5966.0,<LOD,7510.0,<LOD,11849.0,<LOD,15587.0,<LOD,29.0,<LOD,5.0,<LOD,10.0,7431,91.0,3343,199.0,<LOD,15.0,<LOD,3.0,<LOD,1376.0
6_m15,<LOD,42603.0,<LOD,7972.0,<LOD,4640.0,<LOD,760.0,<LOD,1460.0,<LOD,2505.0,<LOD,5845.0,<LOD,1663.0,<LOD,287.0,<LOD,85.0,123,27.0,98,26.0,909,39.0,82,8.0,417,33.0,953737,322.0,18641,129.0,1127,49.0,35,11.0,<LOD,1.0,24,6.0,65,10.0,<LOD,3.0,<LOD,2.0,237,12.0,542,33.0,<LOD,6.0,18114,119.0,417,70.0,<LOD,3325.0,<LOD,5722.0,529,164.0,<LOD,11275.0,<LOD,15212.0,<LOD,28.0,<LOD,4.0,<LOD,10.0,1755,46.0,3063,199.0,<LOD,15.0,<LOD,3.0,<LOD,1354.0
6_m16,<LOD,38702.0,<LOD,7040.0,<LOD,4107.0,<LOD,644.0,<LOD,1360.0,<LOD,2403.0,<LOD,5212.0,<LOD,1645.0,<LOD,293.0,<LOD,82.0,120,28.0,241,26.0,1540,43.0,120,8.0,299,32.0,938384,288.0,21198,132.0,5682,69.0,<LOD,2.0,<LOD,1.0,24,6.0,57,9.0,<LOD,3.0,<LOD,2.0,248,12.0,251,28.0,<LOD,6.0,28023,142.0,254,69.0,<LOD,2967.0,<LOD,5155.0,<LOD,6531.0,<LOD,10191.0,<LOD,13755.0,<LOD,32.0,125,34.0,<LOD,12.0,666,30.0,2647,194.0,<LOD,15.0,<LOD,3.0,<LOD,1351.0
6_m17,<LOD,36825.0,21504,958.0,30727,330.0,1459,58.0,4589,67.0,5897,88.0,62488,207.0,670,43.0,<LOD,884.0,<LOD,82.0,73,27.0,1874,45.0,1735,43.0,509,12.0,206026,396.0,658854,797.0,<LOD,46.0,114,14.0,32,7.0,<LOD,1.0,20,5.0,50,9.0,<LOD,4.0,59,8.0,146,9.0,318,24.0,<LOD,6.0,374,37.0,272,47.0,234,62.0,346,107.0,<LOD,11071.0,<LOD,17782.0,<LOD,23749.0,<LOD,15.0,<LOD,3.0,<LOD,7.0,67,12.0,1056,128.0,<LOD,13.0,<LOD,3.0,<LOD,0.0
6_m18,<LOD,47385.0,12357,765.0,28251,307.0,945,51.0,3523,59.0,23981,119.0,31861,154.0,565,33.0,<LOD,1607.0,<LOD,76.0,50,25.0,1237,36.0,1671,39.0,827,13.0,174261,314.0,717038,694.0,<LOD,48.0,66,13.0,39,7.0,<LOD,1.0,31,5.0,42,9.0,<LOD,4.0,79,8.0,180,9.0,249,24.0,<LOD,5.0,467,39.0,210,48.0,<LOD,4229.0,<LOD,7360.0,<LOD,9308.0,<LOD,14397.0,<LOD,19601.0,<LOD,14.0,40,12.0,<LOD,6.0,66,12.0,1137,145.0,<LOD,14.0,<LOD,3.0,<LOD,0.0
6_m19,<LOD,46517.0,<LOD,8506.0,<LOD,4767.0,<LOD,798.0,<LOD,1353.0,<LOD,2108.0,<LOD,6412.0,<LOD,1847.0,<LOD,289.0,135,43.0,97,27.0,238,26.0,1960,45.0,108,8.0,365,34.0,947939,364.0,13710,123.0,1193,56.0,49,12.0,<LOD,1.0,20,7.0,57,11.0,<LOD,3.0,<LOD,2.0,227,12.0,650,34.0,<LOD,6.0,25756,138.0,769,74.0,255,79.0,416,133.0,511,169.0,<LOD,9753.0,<LOD,12880.0,<LOD,27.0,113,26.0,<LOD,9.0,2707,56.0,2619,195.0,<LOD,15.0,<LOD,3.0,<LOD,1407.0
6_m20,<LOD,30305.0,36381,846.0,95639,500.0,29325,177.0,8100,99.0,8964,119.0,4075,163.0,44041,121.0,948,160.0,<LOD,95.0,55,28.0,984,36.0,13030,90.0,<LOD,28.0,593,33.0,740536,880.0,1488,86.0,877,69.0,44,8.0,<LOD,2.0,78,6.0,<LOD,3.0,<LOD,3.0,52,8.0,124,9.0,621,29.0,<LOD,7.0,155,37.0,2979,66.0,295,62.0,<LOD,7216.0,<LOD,9356.0,<LOD,14906.0,926,283.0,<LOD,24.0,<LOD,5.0,<LOD,10.0,8096,80.0,1596,124.0,<LOD,15.0,<LOD,3.0,<LOD,0.0
6_m21,<LOD,53798.0,28923,836.0,84237,480.0,2262,68.0,6288,79.0,10322,107.0,12487,156.0,3462,41.0,<LOD,1873.0,137,40.0,50,26.0,197,24.0,1198,39.0,96,7.0,1988,41.0,830713,918.0,<LOD,74.0,5888,66.0,313,15.0,<LOD,1.0,25,5.0,31,8.0,<LOD,3.0,79,8.0,165,9.0,2608,57.0,<LOD,6.0,307,42.0,2997,71.0,<LOD,4302.0,<LOD,7428.0,<LOD,9569.0,<LOD,15017.0,1000,300.0,<LOD,24.0,126,30.0,<LOD,9.0,1319,37.0,2687,157.0,<LOD,16.0,<LOD,3.0,<LOD,0.0
6_m22,<LOD,48882.0,26474,797.0,88722,475.0,268,50.0,5152,73.0,27540,139.0,8094,151.0,2517,37.0,<LOD,1753.0,<LOD,81.0,44,25.0,199,23.0,407,34.0,98,7.0,646,32.0,828521,868.0,<LOD,74.0,449,48.0,49,8.0,<LOD,1.0,25,5.0,42,9.0,<LOD,3.0,72,8.0,170,9.0,573,28.0,<LOD,6.0,191,39.0,3115,70.0,<LOD,3994.0,<LOD,6849.0,<LOD,8686.0,769,213.0,<LOD,18149.0,<LOD,20.0,81,17.0,<LOD,8.0,3356,54.0,2326,155.0,<LOD,16.0,<LOD,3.0,<LOD,0.0
6_m23,<LOD,44558.0,22054,826.0,46404,380.0,2946,71.0,5047,72.0,21572,125.0,24259,164.0,12011,60.0,<LOD,1469.0,<LOD,87.0,53,26.0,230,25.0,1036,38.0,99,7.0,701,33.0,851234,887.0,447,88.0,545,43.0,47,8.0,<LOD,1.0,19,5.0,36,9.0,<LOD,3.0,93,8.0,187,9.0,650,31.0,<LOD,6.0,<LOD,9.0,3851,76.0,<LOD,3942.0,<LOD,6817.0,<LOD,8574.0,<LOD,13528.0,1242,301.0,<LOD,19.0,80,17.0,<LOD,8.0,2489,47.0,2571,156.0,<LOD,16.0,<LOD,3.0,<LOD,0.0
6_m24,<LOD,35043.0,39119,816.0,146827,540.0,2411,68.0,12255,98.0,16549,125.0,8829,163.0,5093,45.0,<LOD,1265.0,<LOD,83.0,58,26.0,222,24.0,2524,47.0,89,8.0,636,31.0,742465,843.0,939,81.0,2691,84.0,42,10.0,<LOD,2.0,15,5.0,<LOD,3.0,<LOD,3.0,75,8.0,143,9.0,579,29.0,<LOD,7.0,144,36.0,4376,73.0,<LOD,3921.0,<LOD,6670.0,570,126.0,<LOD,12998.0,<LOD,18426.0,<LOD,26.0,<LOD,6.0,<LOD,10.0,11327,93.0,1933,134.0,<LOD,16.0,<LOD,3.0,<LOD,0.0
7_m01,<LOD,35822.0,<LOD,7091.0,<LOD,4320.0,<LOD,639.0,<LOD,1198.0,<LOD,1792.0,<LOD,5498.0,<LOD,1609.0,<LOD,289.0,<LOD,86.0,108,27.0,193,26.0,1189,41.0,104,8.0,576,34.0,938481,329.0,20202,130.0,2776,88.0,48,14.0,<LOD,1.0,<LOD,1.0,66,13.0,<LOD,3.0,<LOD,2.0,248,12.0,917,41.0,<LOD,6.0,22960,130.0,860,74.0,<LOD,3113.0,581,140.0,<LOD,6921.0,<LOD,10666.0,<LOD,14339.0,<LOD,31.0,<LOD,5.0,<LOD,10.0,7540,90.0,3045,197.0,<LOD,15.0,<LOD,3.0,<LOD,1350.0
7_m02,<LOD,32076.0,<LOD,6487.0,<LOD,3522.0,<LOD,573.0,<LOD,1100.0,<LOD,1894.0,<LOD,5139.0,<LOD,1482.0,<LOD,282.0,<LOD,81.0,90,26.0,127,25.0,459,36.0,77,7.0,<LOD,29.0,949908,512.0,18366,127.0,<LOD,4.0,<LOD,2.0,<LOD,1.0,18,6.0,63,9.0,<LOD,3.0,<LOD,2.0,276,12.0,94,24.0,<LOD,6.0,25133,133.0,<LOD,10.0,<LOD,2937.0,<LOD,5250.0,<LOD,6589.0,1098,272.0,1606,370.0,<LOD,27.0,66,19.0,<LOD,9.0,464,25.0,2079,198.0,<LOD,16.0,<LOD,3.0,<LOD,1296.0
7_m03,21766,5387.0,7932,839.0,29245,399.0,259,43.0,5301,79.0,9162,120.0,69988,653.0,1550,45.0,<LOD,835.0,<LOD,81.0,58,25.0,143,24.0,430,34.0,76,7.0,211,26.0,820487,4676.0,29843,299.0,<LOD,4.0,<LOD,2.0,<LOD,1.0,<LOD,1.0,46,7.0,<LOD,3.0,<LOD,2.0,205,9.0,61,17.0,<LOD,6.0,549,37.0,193,45.0,<LOD,4353.0,<LOD,7578.0,<LOD,9717.0,<LOD,15410.0,<LOD,21058.0,<LOD,32.0,<LOD,3.0,<LOD,10.0,548,23.0,1871,153.0,<LOD,16.0,<LOD,3.0,<LOD,0.0
7_m04,<LOD,34079.0,<LOD,6895.0,<LOD,3865.0,<LOD,646.0,<LOD,1085.0,<LOD,1787.0,<LOD,5449.0,<LOD,1482.0,<LOD,293.0,<LOD,88.0,112,28.0,184,25.0,886,39.0,97,8.0,140,32.0,948386,433.0,17558,129.0,<LOD,5.0,<LOD,2.0,<LOD,1.0,25,6.0,67,9.0,<LOD,3.0,53,12.0,255,12.0,<LOD,0.0,<LOD,7.0,27639,143.0,<LOD,11.0,<LOD,2947.0,<LOD,5121.0,<LOD,6423.0,<LOD,9893.0,1236,355.0,<LOD,27.0,<LOD,3.0,<LOD,10.0,841,33.0,2425,193.0,<LOD,15.0,<LOD,3.0,<LOD,1380.0
7_m05,<LOD,31775.0,8814,936.0,31518,321.0,281,46.0,3789,62.0,1510,75.0,85403,233.0,<LOD,1246.0,<LOD,826.0,<LOD,84.0,46,25.0,200,25.0,702,37.0,110,8.0,291,28.0,829342,888.0,33620,141.0,<LOD,5.0,<LOD,2.0,<LOD,1.0,14,5.0,42,7.0,<LOD,3.0,<LOD,2.0,214,9.0,70,17.0,<LOD,6.0,881,41.0,<LOD,10.0,206,61.0,<LOD,8842.0,<LOD,11421.0,<LOD,17758.0,<LOD,23060.0,<LOD,35.0,<LOD,3.0,<LOD,11.0,883,29.0,1954,152.0,<LOD,16.0,<LOD,3.0,<LOD,0.0
7_m06,<LOD,38017.0,13078,868.0,38174,348.0,237,47.0,12468,91.0,12613,105.0,58713,200.0,2629,46.0,<LOD,954.0,<LOD,85.0,51,26.0,214,24.0,1280,40.0,121,8.0,1289,35.0,824357,849.0,30955,136.0,<LOD,4.0,<LOD,2.0,<LOD,1.0,17,5.0,44,7.0,<LOD,3.0,<LOD,2.0,217,9.0,58,16.0,<LOD,6.0,548,38.0,221,47.0,<LOD,4343.0,354,108.0,<LOD,9835.0,<LOD,15385.0,<LOD,20689.0,<LOD,34.0,<LOD,3.0,<LOD,11.0,486,22.0,1755,152.0,<LOD,16.0,<LOD,3.0,<LOD,0.0
7_m07,19467,5822.0,10305,900.0,30170,426.0,<LOD,659.0,3623,71.0,4815,95.0,66805,649.0,1644,48.0,<LOD,925.0,<LOD,84.0,68,27.0,209,31.0,759,37.0,1395,21.0,190483,1696.0,665705,4324.0,<LOD,47.0,146,15.0,37,7.0,<LOD,1.0,<LOD,1.0,55,9.0,<LOD,4.0,54,8.0,140,9.0,102,18.0,<LOD,6.0,180,36.0,<LOD,10.0,<LOD,4715.0,<LOD,8156.0,<LOD,10495.0,<LOD,16104.0,1119,272.0,<LOD,15.0,67,13.0,<LOD,6.0,62,12.0,1196,128.0,<LOD,13.0,<LOD,3.0,<LOD,0.0
7_m08,<LOD,34225.0,11512,922.0,31450,327.0,<LOD,625.0,5197,66.0,3896,80.0,73506,217.0,1929,48.0,<LOD,893.0,<LOD,79.0,81,28.0,164,31.0,801,38.0,1170,16.0,170819,343.0,696063,787.0,<LOD,49.0,358,19.0,34,7.0,<LOD,1.0,24,4.0,47,8.0,<LOD,4.0,77,8.0,154,9.0,212,20.0,<LOD,6.0,<LOD,8.0,<LOD,10.0,<LOD,4927.0,<LOD,8735.0,<LOD,11190.0,<LOD,16678.0,<LOD,23021.0,<LOD,15.0,54,14.0,<LOD,7.0,129,14.0,1153,133.0,<LOD,13.0,<LOD,3.0,<LOD,0.0
7_m09,<LOD,33210.0,11862,795.0,35657,322.0,370,44.0,6746,68.0,18562,107.0,54113,181.0,2919,43.0,<LOD,920.0,<LOD,83.0,58,25.0,129,24.0,508,34.0,96,7.0,384,28.0,835050,783.0,29714,129.0,<LOD,4.0,<LOD,2.0,<LOD,1.0,16,4.0,42,7.0,<LOD,3.0,<LOD,2.0,230,9.0,102,18.0,<LOD,6.0,631,38.0,<LOD,10.0,<LOD,4589.0,<LOD,7894.0,<LOD,10106.0,<LOD,16175.0,<LOD,21483.0,<LOD,32.0,<LOD,3.0,<LOD,10.0,653,24.0,2061,157.0,<LOD,16.0,<LOD,3.0,<LOD,0.0
7_m10,<LOD,32566.0,<LOD,6357.0,<LOD,4226.0,<LOD,758.0,<LOD,1512.0,<LOD,2432.0,<LOD,4504.0,<LOD,2001.0,<LOD,263.0,<LOD,83.0,105,25.0,103,25.0,1625,41.0,63,8.0,747,34.0,950186,319.0,30808,139.0,553,50.0,39,13.0,<LOD,1.0,40,7.0,48,10.0,<LOD,3.0,<LOD,2.0,269,13.0,331,27.0,<LOD,6.0,9139,90.0,196,64.0,<LOD,3936.0,<LOD,6657.0,690,165.0,<LOD,13326.0,<LOD,17865.0,<LOD,33.0,<LOD,3.0,<LOD,11.0,2486,53.0,2508,204.0,<LOD,16.0,<LOD,3.0,<LOD,1300.0
7_m11,<LOD,30936.0,<LOD,6632.0,<LOD,3688.0,<LOD,601.0,<LOD,1106.0,<LOD,2212.0,<LOD,5135.0,<LOD,1338.0,<LOD,276.0,<LOD,82.0,101,24.0,194,23.0,1208,38.0,105,7.0,817,34.0,952310,338.0,30300,137.0,322,39.0,49,11.0,<LOD,1.0,24,6.0,60,10.0,<LOD,3.0,59,14.0,307,12.0,188,24.0,<LOD,6.0,7792,84.0,301,62.0,266,74.0,487,122.0,575,159.0,<LOD,13622.0,<LOD,18233.0,<LOD,32.0,<LOD,3.0,<LOD,10.0,1455,41.0,2977,202.0,<LOD,16.0,<LOD,3.0,<LOD,1241.0
7_m12,<LOD,32223.0,17612,871.0,39766,342.0,311,46.0,4534,64.0,18559,113.0,61581,202.0,969,43.0,<LOD,878.0,<LOD,82.0,61,26.0,244,24.0,2130,44.0,131,8.0,2022,40.0,822331,844.0,24911,126.0,169,27.0,41,9.0,<LOD,1.0,22,5.0,44,7.0,<LOD,3.0,<LOD,2.0,189,9.0,257,22.0,<LOD,6.0,697,39.0,179,48.0,<LOD,4502.0,<LOD,7867.0,<LOD,10516.0,<LOD,16073.0,<LOD,21202.0,<LOD,32.0,<LOD,3.0,<LOD,11.0,965,29.0,2144,149.0,<LOD,16.0,<LOD,3.0,<LOD,0.0
7_m13,<LOD,31275.0,12845,853.0,35018,328.0,679,49.0,5570,68.0,24292,124.0,61978,200.0,3355,48.0,<LOD,871.0,<LOD,85.0,56,26.0,171,24.0,643,36.0,98,7.0,2074,40.0,816929,819.0,32090,136.0,<LOD,4.0,163,12.0,<LOD,1.0,19,4.0,54,7.0,<LOD,3.0,<LOD,2.0,199,9.0,139,18.0,<LOD,6.0,643,38.0,154,46.0,<LOD,4601.0,<LOD,8100.0,<LOD,10377.0,<LOD,16263.0,<LOD,21285.0,<LOD,35.0,<LOD,3.0,<LOD,11.0,477,23.0,2256,147.0,<LOD,15.0,<LOD,3.0,<LOD,0.0
7_m14,<LOD,33525.0,14763,851.0,38318,342.0,330,47.0,7879,75.0,19919,116.0,56711,196.0,1723,43.0,<LOD,933.0,<LOD,82.0,54,25.0,162,26.0,568,36.0,88,8.0,2233,41.0,822570,835.0,30407,135.0,<LOD,3.0,89,10.0,<LOD,1.0,<LOD,1.0,50,7.0,<LOD,3.0,<LOD,2.0,213,9.0,119,18.0,<LOD,6.0,639,39.0,145,46.0,<LOD,4537.0,<LOD,7758.0,421,135.0,<LOD,15474.0,<LOD,21186.0,<LOD,33.0,<LOD,3.0,<LOD,11.0,271,18.0,2238,150.0,<LOD,16.0,<LOD,3.0,<LOD,0.0
7_m15,19122,5817.0,18099,803.0,38089,504.0,4255,86.0,8715,117.0,33932,357.0,29931,333.0,6584,81.0,<LOD,1148.0,<LOD,81.0,47,25.0,154,25.0,666,36.0,80,7.0,253,27.0,803739,4933.0,32764,343.0,<LOD,5.0,<LOD,2.0,<LOD,1.0,16,4.0,46,7.0,<LOD,3.0,<LOD,2.0,222,10.0,172,20.0,<LOD,6.0,707,39.0,<LOD,10.0,<LOD,4839.0,<LOD,8445.0,<LOD,10893.0,<LOD,16535.0,<LOD,21962.0,<LOD,34.0,<LOD,3.0,<LOD,11.0,733,27.0,1593,150.0,<LOD,16.0,<LOD,3.0,<LOD,0.0
7_m16,<LOD,7800.0,937117,568.0,47371,557.0,<LOD,118.0,6673,92.0,<LOD,410.0,<LOD,2388.0,<LOD,299.0,<LOD,164.0,<LOD,216.0,<LOD,125.0,139,28.0,6427,80.0,<LOD,51.0,100,8.0,1170,21.0,416,11.0,17,3.0,<LOD,6.0,5,1.0,4,1.0,<LOD,11.0,20,2.0,<LOD,14.0,14,3.0,20,3.0,<LOD,65.0,<LOD,79.0,<LOD,102.0,<LOD,2091.0,<LOD,3535.0,<LOD,4277.0,180,54.0,274,72.0,<LOD,73.0,<LOD,14.0,<LOD,34.0,25,3.0,<LOD,64.0,29,5.0,<LOD,18.0,<LOD,0.0
7_m17,<LOD,5092.0,989148,112.0,<LOD,411.0,<LOD,65.0,3800,64.0,<LOD,275.0,<LOD,1880.0,<LOD,207.0,<LOD,101.0,<LOD,223.0,<LOD,133.0,190,24.0,4748,61.0,<LOD,53.0,296,11.0,1040,17.0,280,8.0,15,2.0,<LOD,7.0,<LOD,7.0,<LOD,8.0,<LOD,11.0,19,2.0,<LOD,15.0,<LOD,17.0,9,3.0,<LOD,66.0,<LOD,81.0,<LOD,105.0,57,16.0,<LOD,3682.0,156,33.0,191,51.0,<LOD,8896.0,<LOD,75.0,<LOD,14.0,<LOD,33.0,21,2.0,<LOD,67.0,30,4.0,<LOD,19.0,<LOD,0.0
7_m18,9388,1648.0,976190,1683.0,2172,399.0,<LOD,64.0,3219,61.0,<LOD,273.0,<LOD,1877.0,<LOD,207.0,716,151.0,<LOD,203.0,43,33.0,3151,63.0,3480,56.0,<LOD,47.0,<LOD,30.0,618,13.0,308,8.0,11,3.0,<LOD,7.0,<LOD,7.0,<LOD,8.0,<LOD,12.0,11,2.0,<LOD,14.0,8,2.0,<LOD,0.0,<LOD,66.0,<LOD,80.0,<LOD,103.0,47,16.0,<LOD,3826.0,109,32.0,171,50.0,278,68.0,<LOD,76.0,<LOD,14.0,<LOD,34.0,58,3.0,<LOD,66.0,17,4.0,5,2.0,<LOD,0.0
7_m19,<LOD,27162.0,<LOD,5999.0,<LOD,3007.0,<LOD,507.0,<LOD,842.0,<LOD,1724.0,<LOD,4927.0,<LOD,1284.0,<LOD,284.0,<LOD,86.0,114,26.0,195,25.0,375,34.0,90,7.0,294,31.0,945976,266.0,27449,135.0,<LOD,3.0,<LOD,2.0,<LOD,1.0,30,6.0,64,8.0,<LOD,3.0,<LOD,2.0,273,12.0,<LOD,0.0,<LOD,6.0,22420,126.0,<LOD,10.0,<LOD,3060.0,<LOD,5320.0,<LOD,6688.0,<LOD,10626.0,<LOD,14333.0,<LOD,30.0,<LOD,3.0,<LOD,10.0,110,16.0,2520,197.0,<LOD,15.0,<LOD,2.0,<LOD,1265.0
7_m20,<LOD,30146.0,12207,882.0,31077,322.0,428,48.0,5073,67.0,25689,127.0,68845,212.0,565,44.0,<LOD,839.0,<LOD,86.0,99,29.0,905,38.0,2260,46.0,583,13.0,174850,335.0,556052,673.0,113779,281.0,107,33.0,<LOD,2.0,<LOD,1.0,<LOD,1.0,40,10.0,<LOD,3.0,<LOD,3.0,236,9.0,209,22.0,<LOD,6.0,2693,50.0,298,48.0,<LOD,4158.0,524,106.0,518,130.0,<LOD,14474.0,<LOD,19661.0,<LOD,66.0,<LOD,3.0,<LOD,19.0,1684,38.0,696,115.0,<LOD,12.0,<LOD,3.0,<LOD,0.0
7_m21,<LOD,33767.0,11568,886.0,31645,328.0,<LOD,647.0,4710,64.0,8407,91.0,68168,210.0,395,43.0,<LOD,898.0,<LOD,88.0,91,28.0,261,33.0,2596,47.0,1261,17.0,175000,342.0,584607,719.0,102698,272.0,94,28.0,<LOD,2.0,<LOD,1.0,<LOD,1.0,62,10.0,<LOD,3.0,<LOD,3.0,262,10.0,81,18.0,<LOD,6.0,2142,48.0,478,50.0,236,64.0,393,109.0,414,136.0,<LOD,13843.0,934,290.0,<LOD,60.0,<LOD,3.0,<LOD,17.0,1097,32.0,1137,119.0,<LOD,12.0,<LOD,3.0,<LOD,0.0
7_m22,<LOD,33708.0,12112,846.0,30625,326.0,153,46.0,6425,72.0,37253,149.0,53544,196.0,309,41.0,<LOD,944.0,<LOD,86.0,109,29.0,106,33.0,623,37.0,87,10.0,168200,320.0,555084,651.0,128908,294.0,<LOD,7.0,<LOD,2.0,<LOD,1.0,<LOD,1.0,<LOD,2.0,<LOD,3.0,<LOD,3.0,271,10.0,133,18.0,<LOD,6.0,2403,49.0,352,48.0,<LOD,4772.0,370,107.0,<LOD,10662.0,<LOD,16601.0,<LOD,22393.0,<LOD,69.0,<LOD,4.0,<LOD,20.0,1913,41.0,933,117.0,<LOD,12.0,<LOD,3.0,<LOD,0.0
7_m23,<LOD,32218.0,12028,863.0,29971,312.0,212,45.0,5239,66.0,20915,116.0,65990,204.0,1651,45.0,<LOD,896.0,<LOD,82.0,72,27.0,105,31.0,516,36.0,228,10.0,175156,337.0,684974,751.0,<LOD,49.0,<LOD,2.0,38,7.0,<LOD,1.0,20,4.0,41,8.0,<LOD,4.0,79,8.0,177,9.0,120,17.0,<LOD,6.0,251,36.0,<LOD,10.0,<LOD,4675.0,<LOD,7955.0,<LOD,10369.0,747,210.0,<LOD,21634.0,<LOD,16.0,51,12.0,<LOD,7.0,35,11.0,1155,131.0,<LOD,14.0,<LOD,3.0,<LOD,0.0
7_m24,<LOD,33702.0,<LOD,6633.0,<LOD,4002.0,<LOD,682.0,<LOD,1229.0,<LOD,2537.0,<LOD,5127.0,<LOD,1671.0,<LOD,279.0,<LOD,83.0,98,26.0,143,25.0,464,36.0,97,8.0,883,36.0,944159,270.0,31242,143.0,<LOD,3.0,<LOD,2.0,<LOD,1.0,34,6.0,63,8.0,<LOD,3.0,44,14.0,263,12.0,77,22.0,<LOD,6.0,19799,123.0,<LOD,11.0,<LOD,3317.0,<LOD,5890.0,<LOD,7453.0,<LOD,11566.0,<LOD,15534.0,<LOD,33.0,<LOD,3.0,<LOD,11.0,106,16.0,2431,196.0,<LOD,15.0,<LOD,3.0,<LOD,1337.0
7_m25,<LOD,35236.0,36065,990.0,48414,432.0,491,59.0,2400,83.0,34214,176.0,26906,208.0,22510,93.0,12130,341.0,<LOD,152.0,62,31.0,158,29.0,2116,51.0,75,9.0,1798,44.0,804550,1018.0,1085,95.0,<LOD,3.0,158,12.0,<LOD,1.0,26,6.0,54,7.0,<LOD,3.0,69,9.0,146,10.0,109,19.0,<LOD,8.0,310,43.0,<LOD,14.0,2879,97.0,1433,125.0,<LOD,8506.0,<LOD,13250.0,<LOD,17511.0,<LOD,22.0,85,16.0,<LOD,9.0,116,16.0,1566,135.0,<LOD,15.0,<LOD,4.0,<LOD,0.0
7_m26,<LOD,31880.0,11838,907.0,30377,324.0,<LOD,585.0,3600,62.0,6529,88.0,74410,218.0,<LOD,1309.0,<LOD,865.0,<LOD,85.0,113,30.0,807,37.0,2171,45.0,758,14.0,172280,335.0,559819,682.0,130150,303.0,<LOD,7.0,<LOD,2.0,<LOD,1.0,<LOD,1.0,49,10.0,<LOD,3.0,<LOD,3.0,251,10.0,191,22.0,<LOD,6.0,2442,50.0,244,50.0,<LOD,4277.0,<LOD,7594.0,<LOD,9597.0,<LOD,15450.0,<LOD,20426.0,<LOD,68.0,<LOD,4.0,<LOD,20.0,1983,42.0,1229,116.0,<LOD,12.0,<LOD,3.0,<LOD,0.0
7_m27,<LOD,29949.0,10339,913.0,30347,317.0,<LOD,548.0,3053,59.0,7185,89.0,82596,227.0,<LOD,1202.0,<LOD,805.0,<LOD,80.0,88,28.0,283,32.0,1141,39.0,307,11.0,150055,310.0,622030,738.0,89405,250.0,<LOD,3.0,<LOD,2.0,<LOD,1.0,14,5.0,48,8.0,<LOD,3.0,<LOD,3.0,231,9.0,89,18.0,<LOD,6.0,289,37.0,150,47.0,<LOD,4634.0,<LOD,7907.0,<LOD,10274.0,752,209.0,<LOD,21303.0,<LOD,56.0,<LOD,3.0,<LOD,16.0,84,13.0,1209,123.0,<LOD,13.0,<LOD,3.0,<LOD,0.0
7_m28,<LOD,29641.0,<LOD,6231.0,<LOD,3454.0,<LOD,575.0,<LOD,984.0,<LOD,2188.0,<LOD,5004.0,<LOD,1420.0,<LOD,291.0,<LOD,86.0,110,27.0,226,25.0,542,37.0,115,8.0,487,33.0,942040,271.0,27375,140.0,<LOD,3.0,<LOD,2.0,<LOD,1.0,19,6.0,57,9.0,<LOD,3.0,<LOD,2.0,243,13.0,190,24.0,<LOD,6.0,25542,137.0,<LOD,11.0,<LOD,3076.0,<LOD,5349.0,<LOD,6627.0,<LOD,10298.0,<LOD,14114.0,<LOD,32.0,<LOD,3.0,<LOD,10.0,316,23.0,2621,192.0,<LOD,15.0,<LOD,3.0,<LOD,1356.0
7_m29,<LOD,34370.0,<LOD,6774.0,<LOD,3900.0,<LOD,642.0,<LOD,1113.0,<LOD,2261.0,<LOD,5512.0,<LOD,1553.0,<LOD,287.0,<LOD,86.0,100,26.0,220,25.0,384,35.0,110,7.0,576,34.0,944641,487.0,29898,143.0,<LOD,2.0,<LOD,2.0,<LOD,1.0,26,6.0,68,9.0,<LOD,3.0,48,14.0,289,12.0,93,21.0,<LOD,6.0,18593,121.0,203,66.0,<LOD,3446.0,<LOD,5998.0,<LOD,7722.0,795,250.0,1275,343.0,<LOD,32.0,<LOD,3.0,<LOD,10.0,71,15.0,2501,196.0,<LOD,15.0,<LOD,3.0,<LOD,1365.0
7_m30,<LOD,30166.0,<LOD,6238.0,<LOD,3324.0,<LOD,550.0,<LOD,943.0,<LOD,1860.0,<LOD,5201.0,<LOD,1344.0,<LOD,281.0,<LOD,85.0,110,27.0,<LOD,57.0,412,37.0,70,8.0,163,31.0,952979,266.0,20916,132.0,<LOD,2.0,<LOD,2.0,<LOD,1.0,18,5.0,84,9.0,<LOD,3.0,<LOD,2.0,264,12.0,<LOD,0.0,<LOD,6.0,22268,129.0,<LOD,11.0,<LOD,3186.0,<LOD,5535.0,<LOD,6767.0,<LOD,11034.0,<LOD,14820.0,<LOD,29.0,<LOD,3.0,<LOD,10.0,44,14.0,2601,196.0,<LOD,15.0,<LOD,3.0,<LOD,1339.0
7_m31,<LOD,30166.0,<LOD,6238.0,<LOD,3324.0,<LOD,550.0,<LOD,943.0,<LOD,1860.0,<LOD,5201.0,<LOD,1344.0,<LOD,281.0,<LOD,85.0,110,27.0,<LOD,57.0,412,37.0,70,8.0,163,31.0,952979,266.0,20916,132.0,<LOD,2.0,<LOD,2.0,<LOD,1.0,18,5.0,84,9.0,<LOD,3.0,<LOD,2.0,264,12.0,<LOD,0.0,<LOD,6.0,22268,129.0,<LOD,11.0,<LOD,3186.0,<LOD,5535.0,<LOD,6767.0,<LOD,11034.0,<LOD,14820.0,<LOD,29.0,<LOD,3.0,<LOD,10.0,44,14.0,2601,196.0,<LOD,15.0,<LOD,3.0,<LOD,1339.0
7_m32,<LOD,39201.0,9609,764.0,26557,289.0,<LOD,758.0,2199,50.0,1011,64.0,51785,170.0,<LOD,1522.0,<LOD,1085.0,<LOD,80.0,88,25.0,169,24.0,390,31.0,91,8.0,9449,61.0,716740,678.0,178999,301.0,<LOD,2.0,<LOD,2.0,<LOD,1.0,<LOD,1.0,64,7.0,<LOD,3.0,<LOD,4.0,444,13.0,77,19.0,<LOD,5.0,263,38.0,<LOD,9.0,<LOD,4821.0,<LOD,8336.0,<LOD,10510.0,<LOD,16710.0,<LOD,22353.0,<LOD,68.0,<LOD,3.0,<LOD,19.0,<LOD,2.0,1974,146.0,<LOD,13.0,<LOD,3.0,<LOD,0.0
7_m33,20866,5443.0,9465,911.0,29303,396.0,<LOD,514.0,4284,72.0,6686,104.0,88254,769.0,<LOD,1125.0,<LOD,751.0,<LOD,82.0,90,28.0,188,31.0,509,35.0,127,9.0,152078,1263.0,565496,3571.0,120906,1029.0,<LOD,2.0,<LOD,2.0,<LOD,1.0,<LOD,1.0,40,8.0,<LOD,3.0,<LOD,3.0,271,10.0,72,16.0,<LOD,6.0,206,35.0,<LOD,10.0,<LOD,5217.0,<LOD,9011.0,<LOD,11356.0,<LOD,17841.0,<LOD,24469.0,<LOD,65.0,<LOD,3.0,<LOD,19.0,<LOD,2.0,1032,114.0,<LOD,12.0,<LOD,3.0,<LOD,0.0
7_m34,<LOD,35129.0,12735,773.0,30191,314.0,618,48.0,3368,59.0,40064,148.0,38191,171.0,2310,41.0,<LOD,1001.0,<LOD,78.0,81,26.0,<LOD,2713.0,618,36.0,61,9.0,11053,68.0,684805,692.0,171925,303.0,<LOD,3.0,<LOD,2.0,<LOD,1.0,<LOD,1.0,49,7.0,<LOD,3.0,<LOD,4.0,401,12.0,91,18.0,<LOD,6.0,720,40.0,<LOD,10.0,<LOD,4531.0,<LOD,7736.0,<LOD,9785.0,825,217.0,<LOD,20829.0,<LOD,72.0,<LOD,3.0,<LOD,20.0,100,14.0,1731,133.0,<LOD,13.0,<LOD,3.0,<LOD,0.0
7_m35,21174,5721.0,9104,869.0,28536,409.0,<LOD,633.0,2133,55.0,581,68.0,68111,653.0,<LOD,1285.0,<LOD,894.0,<LOD,83.0,97,27.0,101,26.0,252,33.0,83,8.0,9924,113.0,690049,4357.0,167305,1490.0,<LOD,2.0,<LOD,2.0,<LOD,1.0,<LOD,1.0,52,7.0,<LOD,3.0,<LOD,4.0,382,13.0,138,19.0,<LOD,6.0,242,38.0,<LOD,10.0,<LOD,4992.0,<LOD,8840.0,<LOD,11103.0,<LOD,17568.0,<LOD,23271.0,<LOD,70.0,<LOD,3.0,<LOD,20.0,<LOD,2.0,1652,135.0,<LOD,13.0,<LOD,3.0,<LOD,0.0
7_m36,17704,5559.0,10477,886.0,28759,403.0,<LOD,635.0,2313,58.0,224,68.0,69146,639.0,530,43.0,<LOD,895.0,<LOD,81.0,78,27.0,1755,48.0,1998,48.0,248,11.0,208320,1748.0,655954,4086.0,<LOD,47.0,47,12.0,46,8.0,<LOD,1.0,25,5.0,40,9.0,<LOD,4.0,68,8.0,138,9.0,58,16.0,<LOD,6.0,210,37.0,140,47.0,<LOD,4732.0,<LOD,8241.0,<LOD,10536.0,<LOD,16333.0,<LOD,22092.0,374,72.0,<LOD,3.0,<LOD,7.0,43,12.0,1056,128.0,<LOD,13.0,<LOD,3.0,<LOD,0.0
7_m37,<LOD,38173.0,11211,866.0,30895,327.0,243,47.0,2223,58.0,3952,84.0,58387,198.0,<LOD,1452.0,<LOD,1014.0,<LOD,85.0,70,26.0,214,26.0,545,35.0,109,8.0,10369,67.0,705940,760.0,173035,324.0,<LOD,2.0,<LOD,2.0,<LOD,1.0,<LOD,1.0,56,7.0,<LOD,3.0,<LOD,4.0,421,13.0,<LOD,0.0,<LOD,6.0,170,39.0,<LOD,10.0,<LOD,4647.0,<LOD,8084.0,431,136.0,<LOD,16348.0,<LOD,22091.0,<LOD,71.0,<LOD,3.0,<LOD,20.0,<LOD,2.0,1619,140.0,<LOD,13.0,<LOD,3.0,<LOD,0.0
7_m38,19526,5799.0,10549,873.0,31001,433.0,<LOD,652.0,2069,58.0,1821,77.0,64895,631.0,<LOD,1335.0,<LOD,924.0,<LOD,82.0,92,27.0,187,25.0,295,32.0,108,8.0,9216,107.0,690515,4410.0,167514,1508.0,<LOD,2.0,<LOD,2.0,<LOD,1.0,<LOD,1.0,63,7.0,<LOD,3.0,<LOD,4.0,411,13.0,<LOD,0.0,<LOD,6.0,156,38.0,<LOD,10.0,<LOD,4665.0,<LOD,8204.0,<LOD,10478.0,<LOD,16334.0,<LOD,21732.0,<LOD,71.0,<LOD,3.0,<LOD,20.0,<LOD,2.0,1473,136.0,<LOD,13.0,<LOD,3.0,<LOD,0.0
7_m39,17622,5437.0,11374,851.0,30703,413.0,<LOD,652.0,2307,56.0,2606,76.0,59006,543.0,631,41.0,<LOD,963.0,<LOD,80.0,78,27.0,2952,57.0,1034,40.0,124,9.0,210321,1727.0,658417,4011.0,<LOD,45.0,<LOD,2.0,31,7.0,<LOD,1.0,17,5.0,<LOD,2.0,<LOD,4.0,67,8.0,153,9.0,65,17.0,<LOD,6.0,204,37.0,156,46.0,<LOD,4511.0,<LOD,7987.0,<LOD,10124.0,<LOD,16067.0,928,291.0,<LOD,15.0,38,12.0,<LOD,7.0,48,12.0,996,131.0,<LOD,13.0,<LOD,3.0,<LOD,0.0
7_m40,<LOD,31086.0,7923,884.0,27783,308.0,<LOD,610.0,1826,53.0,1042,71.0,77558,217.0,289,44.0,<LOD,843.0,<LOD,85.0,64,27.0,2087,46.0,1333,40.0,165,10.0,213501,385.0,663675,751.0,<LOD,47.0,<LOD,2.0,50,8.0,<LOD,1.0,22,5.0,28,9.0,<LOD,4.0,59,9.0,131,9.0,73,17.0,<LOD,6.0,196,37.0,<LOD,10.0,<LOD,4608.0,<LOD,8333.0,<LOD,10509.0,769,213.0,<LOD,21189.0,365,72.0,39,13.0,<LOD,6.0,<LOD,2.0,857,130.0,<LOD,13.0,<LOD,3.0,<LOD,0.0
7_m41,<LOD,34707.0,12400,856.0,30460,322.0,<LOD,678.0,2207,55.0,3051,78.0,57520,194.0,981,43.0,<LOD,993.0,<LOD,86.0,74,27.0,3178,53.0,1798,43.0,111,9.0,212136,379.0,673799,737.0,<LOD,45.0,<LOD,2.0,35,8.0,<LOD,1.0,21,5.0,42,9.0,<LOD,4.0,89,8.0,174,9.0,82,17.0,<LOD,6.0,<LOD,8.0,<LOD,10.0,188,62.0,<LOD,9191.0,452,134.0,<LOD,18455.0,<LOD,25230.0,<LOD,15.0,42,13.0,<LOD,6.0,<LOD,2.0,1048,134.0,<LOD,13.0,<LOD,3.0,<LOD,0.0
7_m42,18397,5339.0,10216,875.0,27647,383.0,<LOD,627.0,1778,53.0,<LOD,1483.0,72643,645.0,<LOD,1383.0,<LOD,873.0,<LOD,77.0,52,26.0,1415,43.0,1797,45.0,191,10.0,200625,1631.0,662727,3961.0,<LOD,46.0,<LOD,2.0,24,7.0,<LOD,1.0,18,5.0,29,9.0,<LOD,4.0,56,8.0,145,9.0,<LOD,0.0,<LOD,6.0,231,36.0,<LOD,10.0,193,61.0,<LOD,9377.0,<LOD,11919.0,863,212.0,<LOD,25133.0,<LOD,15.0,62,13.0,<LOD,6.0,<LOD,2.0,702,131.0,<LOD,13.0,<LOD,3.0,<LOD,0.0
7_m43,<LOD,31665.0,9769,879.0,28835,310.0,<LOD,634.0,1953,54.0,1074,72.0,71641,210.0,1713,47.0,<LOD,859.0,<LOD,83.0,76,28.0,2470,48.0,442,35.0,152,9.0,206372,374.0,673813,742.0,<LOD,46.0,<LOD,2.0,32,7.0,<LOD,1.0,29,5.0,50,9.0,<LOD,4.0,63,8.0,156,9.0,121,19.0,<LOD,6.0,<LOD,8.0,<LOD,10.0,<LOD,4795.0,<LOD,8548.0,<LOD,10809.0,<LOD,17168.0,<LOD,22517.0,228,68.0,42,12.0,<LOD,7.0,<LOD,2.0,819,133.0,<LOD,13.0,<LOD,3.0,<LOD,0.0
7_m44,<LOD,31349.0,7123,322.0,14517,145.0,637,23.0,2253,30.0,24823,126.0,35414,180.0,25178,125.0,<LOD,660.0,<LOD,72.0,401,38.0,<LOD,1125.0,2385,50.0,<LOD,11.0,133,12.0,77944,339.0,127,21.0,59,6.0,<LOD,3.0,<LOD,2.0,<LOD,2.0,<LOD,2.0,<LOD,2.0,<LOD,2.0,16,2.0,541494,935.0,1989,22.0,<LOD,44.0,<LOD,7.0,285,68.0,<LOD,535.0,<LOD,673.0,750,225.0,<LOD,1395.0,<LOD,27.0,100,6.0,42,9.0,201,7.0,<LOD,12.0,71,5.0,10,3.0,264048,1133.0
7_m45,<LOD,37773.0,5974,391.0,12565,150.0,637,24.0,1615,30.0,25981,141.0,64696,313.0,<LOD,874.0,<LOD,674.0,<LOD,76.0,392,44.0,<LOD,1132.0,430,37.0,<LOD,10.0,147,13.0,57698,284.0,319,22.0,38,5.0,<LOD,3.0,<LOD,2.0,<LOD,2.0,<LOD,2.0,<LOD,2.0,<LOD,2.0,21,3.0,533875,1011.0,2423,26.0,<LOD,46.0,<LOD,8.0,425,70.0,<LOD,559.0,<LOD,720.0,843,246.0,<LOD,1457.0,<LOD,24.0,46,6.0,32,9.0,75,5.0,<LOD,12.0,87,5.0,22,3.0,291659,1209.0
8_m01,<LOD,42529.0,24277,781.0,52612,402.0,6399,92.0,5574,78.0,49232,176.0,7459,159.0,10391,57.0,<LOD,1568.0,124,39.0,42,25.0,353,25.0,1797,43.0,85,7.0,89,29.0,831621,824.0,723,89.0,4144,52.0,59,8.0,<LOD,1.0,30,5.0,51,7.0,<LOD,3.0,66,8.0,167,10.0,1053,37.0,<LOD,7.0,187,40.0,229,52.0,<LOD,4401.0,<LOD,7651.0,449,130.0,<LOD,14796.0,<LOD,20143.0,<LOD,23.0,106,25.0,<LOD,8.0,341,20.0,2256,152.0,<LOD,16.0,<LOD,3.0,<LOD,0.0
8_m02,<LOD,53429.0,19281,784.0,45299,387.0,2137,68.0,9386,91.0,25110,142.0,13139,165.0,8925,55.0,<LOD,2069.0,<LOD,84.0,45,26.0,249,25.0,1189,40.0,104,8.0,3783,53.0,853211,871.0,<LOD,75.0,3062,86.0,60,11.0,<LOD,1.0,29,6.0,<LOD,2.0,<LOD,3.0,82,9.0,207,10.0,695,33.0,<LOD,7.0,312,44.0,1265,64.0,229,66.0,<LOD,7915.0,<LOD,9897.0,<LOD,15140.0,1069,298.0,357,106.0,<LOD,5.0,<LOD,9.0,8521,89.0,2148,162.0,<LOD,16.0,<LOD,3.0,<LOD,0.0
8_m03,<LOD,41635.0,17947,832.0,51504,382.0,1098,53.0,2333,57.0,12350,101.0,51185,189.0,924,41.0,<LOD,1052.0,125,39.0,49,26.0,185,24.0,440,35.0,86,7.0,436,31.0,851832,851.0,359,87.0,4655,53.0,94,10.0,<LOD,1.0,20,4.0,47,7.0,<LOD,3.0,77,8.0,169,9.0,989,37.0,<LOD,6.0,200,39.0,256,49.0,<LOD,4654.0,<LOD,7892.0,<LOD,10375.0,<LOD,16176.0,<LOD,21643.0,<LOD,22.0,<LOD,5.0,<LOD,8.0,76,14.0,2476,160.0,<LOD,16.0,<LOD,3.0,<LOD,0.0
8_m04,<LOD,33034.0,<LOD,6328.0,<LOD,4133.0,<LOD,721.0,<LOD,1352.0,<LOD,2244.0,<LOD,5057.0,<LOD,1931.0,<LOD,312.0,<LOD,90.0,156,34.0,195,32.0,1949,53.0,114,10.0,1111,40.0,865617,374.0,38330,157.0,2554,112.0,<LOD,3.0,<LOD,2.0,<LOD,1.0,65,17.0,<LOD,3.0,<LOD,2.0,218,13.0,917,42.0,<LOD,7.0,68230,210.0,2365,93.0,274,90.0,597,162.0,<LOD,3879.0,<LOD,6091.0,<LOD,8093.0,<LOD,42.0,<LOD,6.0,<LOD,14.0,14317,123.0,2878,167.0,<LOD,13.0,<LOD,3.0,<LOD,1492.0
8_m05,<LOD,32730.0,9057,827.0,32677,320.0,<LOD,605.0,4698,64.0,14520,103.0,64407,200.0,432,42.0,<LOD,926.0,<LOD,86.0,46,26.0,231,25.0,259,34.0,111,7.0,459,31.0,864879,834.0,<LOD,73.0,2408,42.0,109,10.0,<LOD,1.0,19,5.0,46,7.0,<LOD,3.0,87,8.0,177,9.0,829,34.0,<LOD,6.0,<LOD,8.0,228,49.0,<LOD,4271.0,<LOD,7199.0,438,135.0,<LOD,14177.0,<LOD,19163.0,<LOD,20.0,<LOD,4.0,<LOD,8.0,408,23.0,3365,164.0,<LOD,16.0,<LOD,3.0,<LOD,0.0
8_m06,<LOD,39168.0,12247,780.0,34394,327.0,734,50.0,5888,75.0,27854,135.0,39219,176.0,2144,41.0,<LOD,1242.0,122,38.0,50,26.0,227,23.0,445,34.0,116,7.0,374,31.0,866949,801.0,<LOD,74.0,3012,49.0,220,13.0,<LOD,1.0,17,5.0,40,8.0,<LOD,3.0,85,8.0,181,9.0,777,34.0,<LOD,6.0,306,39.0,300,50.0,<LOD,4955.0,<LOD,8681.0,<LOD,11268.0,<LOD,17199.0,<LOD,22907.0,<LOD,22.0,93,24.0,<LOD,8.0,833,30.0,3254,166.0,<LOD,16.0,<LOD,3.0,<LOD,0.0
8_m07,<LOD,31383.0,<LOD,6297.0,<LOD,4587.0,<LOD,778.0,<LOD,1534.0,<LOD,2472.0,<LOD,4636.0,<LOD,1668.0,<LOD,302.0,<LOD,85.0,126,30.0,241,29.0,2475,53.0,106,10.0,779,37.0,890919,338.0,32708,149.0,5383,130.0,<LOD,3.0,<LOD,2.0,<LOD,1.0,<LOD,3.0,<LOD,3.0,<LOD,2.0,232,13.0,1067,44.0,<LOD,7.0,42738,174.0,357,75.0,<LOD,2415.0,<LOD,4282.0,<LOD,5320.0,<LOD,8155.0,<LOD,11374.0,<LOD,38.0,<LOD,6.0,<LOD,13.0,17466,136.0,5298,189.0,<LOD,14.0,<LOD,3.0,<LOD,1491.0
8_m08,<LOD,26290.0,38975,802.0,106455,481.0,6727,91.0,7394,83.0,40007,161.0,15215,170.0,24754,85.0,686,148.0,<LOD,91.0,54,26.0,243,26.0,4764,58.0,62,9.0,154,28.0,743359,809.0,1879,83.0,2149,41.0,68,10.0,<LOD,2.0,19,5.0,25,7.0,<LOD,3.0,66,8.0,142,9.0,867,33.0,<LOD,7.0,251,36.0,<LOD,12.0,188,59.0,<LOD,8088.0,<LOD,10146.0,<LOD,15709.0,<LOD,21214.0,<LOD,25.0,77,19.0,<LOD,9.0,850,29.0,4508,135.0,<LOD,16.0,<LOD,3.0,<LOD,0.0
8_m09,<LOD,47728.0,18769,757.0,40893,367.0,1962,64.0,10108,89.0,48578,173.0,10465,158.0,1629,37.0,<LOD,1786.0,<LOD,83.0,43,25.0,165,24.0,1688,42.0,90,8.0,455,31.0,839896,814.0,14238,112.0,2056,51.0,69,12.0,<LOD,1.0,<LOD,1.0,<LOD,2.0,<LOD,3.0,<LOD,2.0,180,10.0,896,35.0,<LOD,6.0,802,44.0,272,54.0,<LOD,4504.0,341,106.0,<LOD,9575.0,929,209.0,<LOD,20811.0,<LOD,27.0,<LOD,4.0,<LOD,10.0,1924,44.0,3460,163.0,<LOD,16.0,<LOD,3.0,<LOD,0.0
8_m10,<LOD,31822.0,13055,799.0,38608,345.0,622,50.0,11024,87.0,30538,138.0,46249,187.0,6874,54.0,<LOD,976.0,<LOD,86.0,61,27.0,603,31.0,1166,41.0,77,8.0,566,32.0,829250,798.0,10356,104.0,2032,49.0,64,11.0,<LOD,1.0,<LOD,1.0,49,8.0,<LOD,3.0,<LOD,2.0,167,9.0,1136,40.0,<LOD,6.0,2094,48.0,413,50.0,<LOD,4391.0,<LOD,7672.0,<LOD,9792.0,<LOD,15172.0,<LOD,20033.0,<LOD,28.0,71,21.0,<LOD,10.0,1952,42.0,2895,152.0,<LOD,16.0,<LOD,3.0,<LOD,0.0
8_m11,<LOD,34451.0,12293,789.0,50284,374.0,555,48.0,4768,65.0,19614,115.0,49296,185.0,1667,42.0,<LOD,1070.0,<LOD,81.0,59,26.0,205,24.0,577,36.0,102,7.0,533,31.0,833951,800.0,13951,109.0,3881,56.0,99,11.0,<LOD,1.0,<LOD,1.0,53,8.0,<LOD,3.0,<LOD,2.0,186,9.0,867,35.0,<LOD,6.0,604,41.0,868,55.0,<LOD,4678.0,<LOD,8514.0,<LOD,10747.0,<LOD,16779.0,<LOD,22462.0,<LOD,29.0,<LOD,5.0,<LOD,10.0,1440,37.0,4046,159.0,<LOD,16.0,<LOD,3.0,<LOD,0.0
8_m12,<LOD,33253.0,<LOD,7335.0,<LOD,4621.0,<LOD,736.0,<LOD,1566.0,<LOD,1829.0,<LOD,5466.0,<LOD,1679.0,<LOD,293.0,<LOD,84.0,111,28.0,137,27.0,1001,41.0,81,8.0,645,36.0,940045,306.0,17502,129.0,3490,92.0,103,16.0,<LOD,1.0,<LOD,1.0,60,14.0,<LOD,3.0,<LOD,2.0,217,13.0,1428,49.0,<LOD,6.0,22557,132.0,1433,80.0,<LOD,3111.0,<LOD,5522.0,<LOD,6825.0,<LOD,11055.0,<LOD,14653.0,<LOD,31.0,<LOD,5.0,<LOD,10.0,7546,92.0,3565,197.0,<LOD,15.0,<LOD,3.0,<LOD,1384.0
8_m13,<LOD,35006.0,<LOD,7243.0,<LOD,4362.0,<LOD,656.0,<LOD,1424.0,<LOD,2211.0,<LOD,5817.0,<LOD,1642.0,<LOD,290.0,<LOD,86.0,111,28.0,223,26.0,1132,41.0,112,8.0,738,36.0,936699,347.0,21900,133.0,2728,99.0,<LOD,2.0,<LOD,1.0,<LOD,1.0,63,15.0,<LOD,3.0,<LOD,2.0,238,13.0,1027,42.0,<LOD,6.0,19789,124.0,1021,76.0,<LOD,3350.0,<LOD,5733.0,577,170.0,<LOD,11594.0,<LOD,15297.0,<LOD,33.0,<LOD,5.0,<LOD,11.0,10187,105.0,3342,198.0,<LOD,15.0,<LOD,3.0,<LOD,1366.0
8_m14,<LOD,36120.0,<LOD,6200.0,<LOD,4447.0,<LOD,947.0,<LOD,1381.0,<LOD,4005.0,<LOD,4162.0,<LOD,1755.0,<LOD,296.0,<LOD,84.0,108,28.0,197,26.0,1126,42.0,93,8.0,532,35.0,938404,299.0,20357,135.0,2617,71.0,49,14.0,<LOD,1.0,32,7.0,36,12.0,<LOD,3.0,<LOD,2.0,272,13.0,582,34.0,<LOD,7.0,28584,149.0,546,77.0,<LOD,2856.0,<LOD,5086.0,<LOD,6407.0,<LOD,10026.0,<LOD,13122.0,<LOD,32.0,<LOD,5.0,<LOD,11.0,3434,65.0,2937,192.0,<LOD,15.0,<LOD,3.0,<LOD,1510.0
8_m15,<LOD,37282.0,<LOD,7314.0,<LOD,3971.0,<LOD,663.0,<LOD,1104.0,<LOD,1805.0,<LOD,5651.0,<LOD,1549.0,<LOD,282.0,157,42.0,100,27.0,87,26.0,638,38.0,70,8.0,542,35.0,950306,349.0,16720,128.0,1761,50.0,38,12.0,<LOD,1.0,26,6.0,74,10.0,<LOD,3.0,52,13.0,255,12.0,524,32.0,<LOD,6.0,23455,133.0,268,71.0,<LOD,3087.0,504,131.0,619,162.0,<LOD,10728.0,<LOD,14846.0,<LOD,27.0,<LOD,4.0,<LOD,10.0,1243,40.0,2494,197.0,<LOD,15.0,<LOD,3.0,<LOD,1367.0
8_m16,<LOD,36512.0,<LOD,5966.0,<LOD,4104.0,<LOD,716.0,<LOD,1132.0,<LOD,3476.0,<LOD,3939.0,<LOD,1966.0,<LOD,309.0,<LOD,88.0,107,28.0,305,27.0,12320,83.0,<LOD,26.0,540,36.0,941037,447.0,16835,130.0,1018,52.0,54,14.0,<LOD,1.0,45,7.0,54,11.0,<LOD,3.0,<LOD,2.0,242,13.0,614,33.0,<LOD,7.0,20216,127.0,505,74.0,278,78.0,<LOD,5391.0,<LOD,7010.0,<LOD,10660.0,1182,355.0,<LOD,29.0,117,26.0,<LOD,10.0,2170,51.0,2362,189.0,<LOD,15.0,<LOD,3.0,<LOD,1457.0
8_m17,<LOD,34337.0,<LOD,6803.0,<LOD,4133.0,<LOD,680.0,<LOD,1300.0,<LOD,2578.0,<LOD,5441.0,<LOD,1668.0,<LOD,290.0,<LOD,85.0,110,27.0,144,26.0,1204,41.0,85,8.0,466,34.0,950061,283.0,17504,128.0,4728,64.0,51,13.0,<LOD,1.0,37,6.0,56,9.0,<LOD,3.0,<LOD,2.0,227,13.0,255,26.0,<LOD,6.0,21705,129.0,265,69.0,<LOD,2927.0,<LOD,5481.0,<LOD,6925.0,<LOD,10738.0,<LOD,14228.0,<LOD,30.0,<LOD,5.0,<LOD,10.0,493,27.0,2524,198.0,<LOD,15.0,<LOD,3.0,<LOD,1367.0
8_m18,<LOD,33613.0,<LOD,6405.0,<LOD,3939.0,<LOD,684.0,<LOD,1404.0,<LOD,2772.0,<LOD,5098.0,<LOD,1600.0,<LOD,287.0,<LOD,86.0,120,28.0,224,26.0,2106,46.0,105,8.0,352,33.0,938835,286.0,21694,132.0,6101,71.0,79,13.0,<LOD,1.0,27,6.0,70,9.0,<LOD,3.0,<LOD,2.0,256,13.0,333,29.0,<LOD,6.0,25566,136.0,590,70.0,<LOD,3004.0,<LOD,5258.0,<LOD,6649.0,<LOD,10084.0,<LOD,13618.0,<LOD,32.0,<LOD,5.0,<LOD,10.0,689,31.0,2748,193.0,<LOD,15.0,<LOD,3.0,<LOD,1331.0
8_m19,<LOD,28457.0,22241,804.0,56336,385.0,1156,53.0,5200,68.0,34739,141.0,43882,182.0,6603,51.0,<LOD,856.0,<LOD,83.0,62,26.0,1881,44.0,2704,46.0,573,13.0,204579,361.0,617006,679.0,<LOD,45.0,136,15.0,28,7.0,<LOD,1.0,18,5.0,34,9.0,<LOD,4.0,60,7.0,135,8.0,403,26.0,<LOD,6.0,330,35.0,143,44.0,<LOD,4782.0,<LOD,8550.0,<LOD,11062.0,<LOD,17431.0,<LOD,23354.0,<LOD,15.0,43,12.0,<LOD,8.0,103,13.0,1029,115.0,<LOD,13.0,<LOD,3.0,<LOD,0.0
8_m20,<LOD,40950.0,13960,831.0,34678,336.0,1183,55.0,3573,63.0,3264,81.0,49427,185.0,2774,44.0,<LOD,1168.0,<LOD,83.0,76,28.0,696,35.0,1902,42.0,639,13.0,212795,375.0,672005,721.0,<LOD,45.0,178,17.0,27,7.0,<LOD,1.0,16,5.0,40,10.0,<LOD,4.0,62,9.0,154,9.0,260,23.0,<LOD,6.0,327,40.0,250,50.0,<LOD,4889.0,<LOD,8853.0,<LOD,11381.0,<LOD,18338.0,<LOD,24448.0,<LOD,14.0,64,14.0,<LOD,6.0,163,15.0,846,135.0,<LOD,13.0,<LOD,3.0,<LOD,0.0
8_m21,<LOD,25403.0,29007,968.0,27248,302.0,<LOD,477.0,3748,58.0,4514,80.0,96841,255.0,<LOD,973.0,<LOD,692.0,138,41.0,46,26.0,187,25.0,545,36.0,99,7.0,2075,42.0,831396,942.0,<LOD,74.0,<LOD,2.0,139,10.0,<LOD,1.0,20,4.0,52,6.0,<LOD,3.0,80,7.0,164,9.0,110,17.0,<LOD,6.0,<LOD,8.0,<LOD,11.0,<LOD,4506.0,<LOD,7728.0,473,130.0,645,206.0,<LOD,21505.0,247,75.0,50,13.0,<LOD,7.0,35,11.0,2044,146.0,<LOD,16.0,<LOD,3.0,<LOD,0.0
8_m22,<LOD,32928.0,23062,865.0,46544,400.0,639,57.0,2092,79.0,33444,166.0,24549,189.0,28373,98.0,8993,302.0,<LOD,141.0,59,29.0,191,29.0,3893,58.0,50,10.0,1854,42.0,792618,912.0,25191,136.0,<LOD,5.0,105,11.0,<LOD,1.0,26,5.0,40,7.0,<LOD,3.0,<LOD,2.0,203,10.0,206,20.0,<LOD,7.0,740,44.0,<LOD,12.0,2193,88.0,1353,118.0,391,128.0,713,211.0,<LOD,18168.0,<LOD,34.0,<LOD,4.0,<LOD,11.0,557,25.0,1870,134.0,<LOD,15.0,<LOD,3.0,<LOD,0.0
8_m23,<LOD,30422.0,25904,845.0,50164,395.0,663,55.0,2563,76.0,30901,155.0,26830,183.0,27670,94.0,6826,269.0,<LOD,128.0,61,28.0,178,27.0,4521,59.0,52,9.0,2047,41.0,782806,890.0,31543,142.0,<LOD,4.0,101,11.0,<LOD,1.0,18,5.0,41,7.0,<LOD,3.0,<LOD,2.0,194,10.0,134,19.0,<LOD,7.0,709,41.0,199,50.0,1624,83.0,984,119.0,<LOD,10301.0,<LOD,16072.0,945,292.0,<LOD,36.0,<LOD,4.0,<LOD,11.0,471,22.0,1797,134.0,<LOD,15.0,<LOD,3.0,<LOD,0.0
8_m24,<LOD,47359.0,21430,753.0,46291,375.0,2731,68.0,6904,78.0,31280,144.0,12170,153.0,8334,51.0,<LOD,1855.0,<LOD,83.0,47,25.0,239,23.0,1362,39.0,105,7.0,1266,36.0,843146,845.0,18347,117.0,<LOD,4.0,172,12.0,<LOD,1.0,28,5.0,47,7.0,<LOD,3.0,<LOD,2.0,187,10.0,385,25.0,<LOD,6.0,946,44.0,<LOD,11.0,<LOD,4251.0,<LOD,7478.0,<LOD,9323.0,809,210.0,1013,299.0,<LOD,24.0,<LOD,3.0,<LOD,9.0,261,19.0,2397,158.0,<LOD,16.0,<LOD,3.0,<LOD,0.0
8_m25,<LOD,39998.0,31648,784.0,71492,430.0,6782,90.0,9931,89.0,27077,137.0,12617,157.0,4235,42.0,<LOD,1534.0,<LOD,83.0,52,25.0,136,24.0,874,36.0,87,7.0,1491,36.0,804461,824.0,24553,124.0,<LOD,4.0,183,12.0,<LOD,1.0,21,5.0,45,7.0,<LOD,3.0,<LOD,2.0,201,9.0,201,19.0,<LOD,6.0,771,40.0,<LOD,11.0,<LOD,4506.0,<LOD,7840.0,<LOD,9911.0,622,203.0,<LOD,21071.0,<LOD,29.0,<LOD,3.0,<LOD,9.0,347,20.0,2086,149.0,<LOD,16.0,<LOD,3.0,<LOD,0.0
8_m26,<LOD,32842.0,25200,888.0,44152,406.0,632,59.0,3102,83.0,32203,166.0,21490,190.0,33928,111.0,11995,346.0,<LOD,153.0,76,32.0,129,29.0,2986,55.0,64,9.0,1921,43.0,784113,916.0,30644,148.0,<LOD,4.0,109,12.0,<LOD,1.0,25,5.0,46,8.0,<LOD,3.0,<LOD,2.0,198,10.0,133,19.0,<LOD,7.0,711,45.0,<LOD,13.0,2685,94.0,1283,123.0,<LOD,8647.0,<LOD,13236.0,<LOD,17852.0,<LOD,37.0,<LOD,4.0,<LOD,12.0,468,24.0,1641,132.0,<LOD,15.0,<LOD,3.0,<LOD,0.0
8_m27,<LOD,31381.0,<LOD,6675.0,<LOD,3702.0,<LOD,599.0,<LOD,1053.0,<LOD,2022.0,<LOD,5503.0,<LOD,1459.0,<LOD,288.0,<LOD,84.0,115,27.0,109,27.0,246,35.0,72,8.0,1015,37.0,947321,481.0,30037,143.0,<LOD,2.0,<LOD,2.0,<LOD,1.0,29,6.0,72,9.0,<LOD,3.0,60,14.0,260,12.0,101,20.0,<LOD,6.0,16090,115.0,<LOD,11.0,<LOD,3407.0,<LOD,5865.0,<LOD,7541.0,762,248.0,1075,341.0,<LOD,33.0,<LOD,3.0,<LOD,11.0,<LOD,2.0,2563,198.0,<LOD,15.0,<LOD,3.0,<LOD,1354.0
